абакумович,3
абакумовна,3
аббасиды,3
абиссиния,3
абрамович,2
абрамовна,2
абрамцево,2
абросим,2
абросимович,2
абросимовна,2
абруцци,2
абхазия,2
авачинская,2
аввакумович,3
аввакумовна,3
август,1
августа,1
августина,3
августович,1
августовна,1
авдеевич,2
авдеевна,2
авдиевич,1
авдиевна,1
авдий,1
авдотья,2
аве,1
авелевич,1
авелевна,1
авель,1
авенирович,3
авенировна,3
авериевич,2
авериевна,2
аверий,2
аверкиевич,2
аверкиевна,2
аверкий,2
аверьянович,3
аверьяновна,3
авеста,2
авиценна,3
авксентиевич,2
авксентиевна,2
авксентий,2
авксентьевич,2
авксентьевна,2
авогадро,3
авраамиевич,3
авраамиевна,3
авраамий,3
авраамович,3
авраамовна,3
авраамьевич,3
авраамьевна,3
аврамиевич,2
аврамиевна,2
аврамий,2
аврамович,2
аврамовна,2
аврамьевич,2
аврамьевна,2
аврелианович,4
аврелиановна,4
аврелия,2
аврея,2
аврора,2
австралия,2
австрало,2
австрия,1
австро,1
автономович,3
автономовна,3
агапа,2
агапиевич,2
агапиевна,2
агапий,2
агапитович,3
агапитовна,3
агапия,2
агапович,2
агаповна,2
агапьевич,2
агапьевна,2
агата,2
агафа,2
агафангел,3
агафангелович,3
агафангеловна,3
агафия,2
агафоклия,3
агафоника,3
агафонович,3
агафоновна,3
агафья,2
аггеевич,2
аггеевна,2
агинский,2
аглаида,3
аглая,2
агнесса,2
агнец,1
агния,1
аграфена,3
агрикола,2
агриппина,3
ада,1
адамов,2
адамович,2
адамовна,2
аделаида,4
аделина,3
аделла,2
адельфина,3
аден,1
аджария,2
адина,2
адлер,1
администрация,4
адмиралтейство,4
адолия,2
адонис,2
адриана,3
адрианович,3
адриановна,3
адриатика,3
адриатическое,4
адыгея,3
аза,1
азалия,2
азариевич,2
азариевна,2
азарий,2
азарович,2
азаровна,2
азарьевич,2
азарьевна,2
азелла,2
азиатско,3
азия,1
азовские,2
азовское,2
аида,2
айова,1
айтматов,2
академия,3
акакиевич,2
акакиевна,2
акакий,2
акариды,3
акатуйская,3
аквинский,2
акила,2
акилина,3
акилович,2
акиловна,2
акимович,2
акимовна,2
акиндинович,3
акиндиновна,3
акинфиевич,2
акинфиевна,2
акинфий,2
акинфович,2
акинфовна,2
акинфьевич,2
акинфьевна,2
аккра,1
акмола,2
акмолинск,2
акрополь,2
аксаков,2
аксентиевич,2
аксентиевна,2
аксентий,2
аксентьевич,2
аксентьевна,2
аксиния,2
аксинья,2
актюбинск,2
акулина,3
акулова,2
алабама,3
алазани,3
алапаевск,3
алатау,3
алатырь,2
албания,2
алевтина,3
александра,3
александрийка,4
александрийский,4
александрина,4
александринский,4
александрия,4
александро,3
александров,3
александрович,3
александровна,3
александровск,3
александровская,3
александровский,3
алексеев,3
алексеевич,3
алексеевна,3
алексеевский,3
алексиевич,3
алексиевна,3
алексин,2
алексина,3
алеутские,3
алигьери,3
алина,2
алиса,2
алла,1
аллея,2
алмазный,2
алой,1
алтайский,2
алупка,2
алушта,2
алфея,2
альберта,2
альбертина,3
альбертович,2
альбертовна,2
альбина,2
альвина,2
альгамбра,2
альметьевск,2
альпы,1
альфия,1
альфредович,2
альфредовна,2
альцгеймер,2
альциона,3
аляска,2
амаду,2
амазония,3
амазонка,3
амазонская,3
амалия,2
аманти,2
амата,2
амати,2
амвросиевич,2
амвросиевна,2
амвросий,2
амвросьевич,2
амвросьевна,2
амелфа,2
америка,2
америки,2
амосович,2
амосовна,2
амфилохиевич,3
амфилохиевна,3
амфилохий,3
амфилохьевич,3
амфилохьевна,3
амфитрита,3
анадырь,2
ананиевич,2
ананиевна,2
ананий,2
ананьевич,2
ананьевна,2
анапа,2
анастасиевич,3
анастасиевна,3
анастасий,3
анастасия,4
анастасьевич,3
анастасьевна,3
анатолиевич,3
анатолиевна,3
анатолий,3
анатолия,3
анатольевич,3
анатольевна,3
ангела,2
ангелика,3
ангелина,3
англии,1
английский,2
англия,1
англо,1
ангола,2
андалузия,3
андалусия,3
андерсен,1
анджела,1
анджело,1
андийский,2
андорра,2
андреев,2
андреевич,2
андреевна,2
андреевский,2
андрея,2
андрианович,3
андриановна,3
андромаха,3
андромеда,3
андрона,2
андрониевич,2
андрониевна,2
андроний,2
андроник,2
андроника,2
андроников,2
андроникович,2
андрониковна,2
андронович,2
андроновна,2
андроньевич,2
андроньевна,2
андропов,2
анды,1
анектович,2
анектовна,2
анемподистович,4
анемподистовна,4
анжела,2
анжелика,3
анжеро,2
аника,2
аникеевич,3
аникеевна,3
аникиевич,2
аникиевна,2
аникий,2
аникита,3
аникитич,3
аникитична,3
аникст,1
анисиевич,2
анисиевна,2
анисий,2
анисим,2
анисимович,2
анисимовна,2
анисия,2
анисьевич,2
анисьевна,2
анисья,2
анна,1
аннушка,1
антанта,2
антарктида,3
антарктика,2
антверпен,2
антигона,3
антилы,2
антильские,2
антиохия,4
антиохович,3
антиоховна,3
антипа,2
антипасха,3
антипиевич,2
антипиевна,2
антипий,2
антипич,2
антипична,2
антипович,2
антиповна,2
антипьевич,2
антипьевна,2
антихрист,2
антично,2
античность,2
антониана,4
антонида,3
антоний,2
антонина,3
антонинович,3
антониновна,3
антония,2
антонов,2
антонович,2
антоновна,2
антропиевич,2
антропиевна,2
антропий,2
антропович,2
антроповна,2
антропьевич,2
антропьевна,2
ануфриевич,2
ануфриевна,2
ануфрий,2
анфима,2
анфиса,2
анфия,1
анфуса,2
апеннинский,3
апеннины,3
апис,1
апокалипсис,3
аполлинариевич,4
аполлинариевна,4
аполлинарий,4
аполлинария,4
аполлинарьевич,4
аполлинарьевна,4
аполлония,3
аполлонович,3
аполлоновна,3
аполлосович,3
аполлосовна,3
апостол,2
аппалачи,3
аппассионата,5
аппиева,1
апраксия,2
апрелевка,2
апрелия,2
апулия,2
апфия,1
апшеронский,3
арабатская,3
арабская,2
арабские,2
арабский,2
аравия,2
арагва,2
арагви,2
аракчеев,3
аральское,2
араратская,3
аргентея,3
аргентина,3
аргус,1
ардалионович,4
ардалионовна,4
ардальонович,3
ардальоновна,3
арденны,2
ареопагитики,5
арефиевич,2
арефиевна,2
арефий,2
арефович,2
арефовна,2
арефьевич,2
арефьевна,2
ариадна,3
ариаднина,3
ариевич,1
ариевна,1
аризона,3
арий,1
арина,2
ариосто,3
аристархович,3
аристарховна,3
аристидович,3
аристидовна,3
аристотелев,3
аристотель,3
ария,1
аркадиевич,2
аркадиевна,2
аркадий,2
аркадия,2
аркадьевич,2
аркадьевна,2
арктика,1
арктогея,3
армения,2
армида,2
арминия,2
армия,1
арнольдович,2
арнольдовна,2
аронович,2
ароновна,2
арсениевич,2
арсениевна,2
арсений,2
арсения,2
арсенович,2
арсеновна,2
арсентиевич,2
арсентиевна,2
арсентий,2
арсентьевич,2
арсентьевна,2
арсеньев,2
арсеньевич,2
арсеньевна,2
артамонович,3
артамоновна,3
артемида,3
артемиевич,2
артемиевна,2
артемий,2
артемия,2
артемьевич,2
артемьевна,2
артурович,2
артуровна,2
архангелогородчина,6
архангельск,2
архангельский,2
архангельщина,2
архиерейский,4
архипович,2
архиповна,2
арьевич,1
арьевна,1
асафиевич,2
асафиевна,2
асафий,2
асафович,2
асафовна,2
асафьевич,2
асафьевна,2
аскания,2
асклепий,2
аскольдова,2
аскольдович,2
аскольдовна,2
ассамблея,3
ассизский,2
ассирия,2
ассоциация,4
аста,1
астарта,2
астра,1
астрахань,1
астурия,2
атланта,2
атлантида,3
атлантика,2
атлантический,3
атлас,1
аттила,2
аугсбург,1
аустерлиц,1
афанасиевич,3
афанасиевна,3
афанасий,3
афанасия,3
афанасьев,3
афанасьевич,3
афанасьевна,3
афина,2
афиногенович,4
афиногеновна,4
афинодорович,4
афинодоровна,4
афины,2
африка,1
африканович,3
африкановна,3
африканский,3
афродита,3
ахемениды,4
ахен,1
ахматова,2
ахтуба,1
ахтырка,2
ачинск,1
аэлита,3
баба,1
бабариха,3
бабель,1
бабий,1
бабы,1
бавария,2
баварский,2
багамские,2
багамы,2
багдад,2
багратион,4
багратионовск,4
багрянородный,4
бадахшан,3
баден,1
бажен,2
баженович,2
баженовна,2
бажов,2
базаров,2
базель,1
байдарские,2
байер,1
байкал,2
байкало,2
байконур,3
байрам,2
байрейт,1
байрон,1
баксан,2
баксанское,2
бактрия,1
баку,2
бакунин,2
балакирев,2
балакиревский,2
балалайкин,3
балатон,3
балахна,3
балашиха,3
балеарские,3
балеары,3
балка,1
балканские,2
балканский,2
балканы,2
балтийск,2
балтийская,2
балтийский,2
балтийское,2
балтика,1
балтимор,3
балтия,1
балхаш,2
балчуг,1
бальзак,2
бальмонт,2
бангкок,2
бангладеш,3
бандера,2
бандунг,2
бараба,2
барабинск,2
барабинская,2
барбадос,3
барбаросса,3
барби,1
барбизон,3
барбос,2
барбье,2
барбюс,2
барвиха,2
баргузин,3
баргузинский,3
баренц,1
баренцево,1
бари,1
барков,2
бармалей,3
барнаул,3
барселона,3
барсик,1
барто,2
бартольд,1
басков,1
баскония,2
баскунчак,3
басманная,2
бассейная,2
бастилия,2
баторий,2
батум,2
батуми,2
батыево,2
батькович,1
батьковна,1
бауска,1
баффинова,1
бахрейн,2
бахрушинский,2
бахус,1
бахчисарай,4
башкирия,2
баян,2
беата,2
беатриса,3
беатриче,3
бебель,1
беговая,3
бедная,1
бежецк,1
безопасности,3
бейрут,2
белая,1
белгород,1
белгородчина,3
белград,2
белебей,3
белл,1
белла,1
белов,2
беловежская,3
беловежье,3
белово,2
белогорск,3
белогорье,3
белое,1
белозерск,3
белой,1
белокаменная,3
белокриницкая,4
беломорканал,5
беломорск,3
беломорско,3
беломорье,3
белорецк,3
белореченск,3
белоруссии,3
белоруссия,3
белорусское,3
белоснежка,3
белосток,3
белоярская,3
белфаст,1
белые,1
белый,1
бельведер,3
бельведерский,3
бельгия,1
бельт,1
бельцы,1
бенгалия,2
бендер,1
бендера,1
бендеры,2
бенедикт,3
бенедикта,3
бенедиктович,3
бенедиктовна,3
бенилюкс,3
бенин,2
беотия,2
беранже,3
бергамо,2
бердяев,2
берег,1
берега,3
берегу,3
березники,4
бержерак,3
беринг,1
берингово,1
берия,1
беркли,1
берлин,2
берлинская,2
берлиоз,3
бермудские,2
бермудский,2
бермуды,2
бернар,2
бернулли,2
бернштейн,2
берта,1
бертольд,1
бессарабия,3
бессель,1
бессемер,3
бессмертный,2
бестужевские,2
бетховен,2
бехтерев,1
бианки,2
биарриц,3
библия,1
билль,1
бирма,1
бирмингем,3
биробиджан,4
бирон,2
бирюса,3
бирючий,2
бискайский,2
бискайя,2
бисмарк,1
битва,1
битлз,1
битлы,2
бичер,1
бишкек,2
бия,1
благовещение,3
благовещенск,3
благовещенский,3
благодарный,3
благодать,3
благое,2
блаженного,2
блаженный,2
бландина,2
бланки,2
ближний,1
близнецы,3
бобик,1
бобруйск,2
бог,1
бога,1
богатого,2
богатый,2
богдан,2
богдана,2
богданович,2
богдановна,2
богемский,2
богов,1
богово,1
боговоплощение,5
боголюбская,3
боголюбский,3
богом,1
богоматери,3
богоматерь,3
богомладенец,4
богооткровение,5
богоприимец,4
богородица,3
богородице,3
богородицкий,3
богородицы,3
богородицын,3
богородичные,3
богородск,3
богородское,3
богослов,3
богота,3
богочеловек,5
богочеловеческий,5
богочеловечество,5
богоявление,4
богоявленский,4
богу,1
бодайбо,3
бодлер,2
бодо,2
боже,1
божена,2
боженька,1
божеский,1
божественная,2
божественное,2
божественный,2
божество,3
божие,1
божией,1
божии,1
божий,1
божию,1
божия,1
божье,1
божьего,1
божьей,1
божьему,1
божьи,1
божья,1
бозе,1
бойль,1
бойля,1
болгария,2
болдино,1
болдинская,1
болеслав,3
болеслава,3
болеславич,3
болеславна,3
болеславович,3
болеславовна,3
боливия,2
бологое,3
болонья,2
болхов,1
болшево,1
больцман,1
большая,2
большие,2
большого,2
большое,2
большой,2
бомбей,2
бонапарт,3
бонапартов,3
бонифат,3
бонифатиевич,3
бонифатиевна,3
бонифатий,3
бонифатович,3
бонифатовна,3
бонифатьевич,3
бонифатьевна,3
бор,1
бора,1
бордо,2
бореал,3
бореальная,3
борей,2
бореоатлантическая,6
бореопацифическая,6
боржоми,2
борис,2
борислав,3
борислава,3
бориславич,3
бориславна,3
бориславович,3
бориславовна,3
борисович,2
борисовна,2
борисоглебск,4
борисоглебский,4
боровицкая,3
боровицкие,3
боровицкий,3
боровичи,4
боровск,1
борода,3
бородин,3
бородино,4
бородинская,3
бору,2
босния,1
боспорское,2
бостон,1
босфор,2
боткин,1
боткинская,1
ботсвана,2
боттичелли,3
бочаров,2
бояна,2
боярская,2
брабант,2
браззавиль,3
бразилия,2
брайль,1
брама,1
бранденбург,1
братислава,3
брауншвейг,1
брахма,1
брежнев,1
бремен,1
брестская,1
брестский,1
брестчина,1
брет,1
брисбен,1
бристоль,2
британия,2
британская,2
британский,2
британское,2
бродвей,2
броды,1
бронислав,3
бронислава,3
брониславич,3
брониславна,3
брониславович,3
брониславовна,3
бронницы,1
бруклин,1
бруней,2
брусиловский,2
брут,1
брюллов,2
брюсов,1
брюссель,2
брянско,1
брянщина,1
буг,1
бугульма,3
бугуруслан,4
будапешт,3
будда,1
будимир,3
будимирович,3
будимировна,3
бузулук,3
букеровская,1
букингемский,3
буковина,3
булгаков,2
булгария,2
булонский,2
буль,1
бульба,1
бульбы,1
бульварное,2
буля,1
бунд,1
бунин,1
буратино,3
бурбоны,2
бургас,2
бургос,1
бургундия,2
буркина,3
бурмистерская,2
бурунди,2
бурь,1
бурятия,2
бурятский,2
бутан,2
бутырки,2
бухара,3
бухарест,3
бухарин,2
бухарское,2
буцефал,3
буэнос,2
быка,2
быстрый,1
бюлов,1
ваал,2
вавила,2
вавилич,2
вавилична,2
вавилов,2
вавилова,2
вавилович,2
вавиловна,2
вавилон,3
вавилония,3
вавилонская,3
вавилонское,3
ваганьковское,2
вагнер,1
вадим,2
вадимович,2
вадимовна,2
вазари,2
вазуза,2
вакх,1
вал,1
валаам,3
валахская,2
валгалла,2
валдай,2
валенсия,2
валентин,3
валентина,3
валентинов,3
валентинович,3
валентиновна,3
валери,3
валериан,4
валерианович,4
валериановна,4
валериевич,2
валериевна,2
валерий,2
валерия,2
валерьевич,2
валерьевна,2
валерьян,3
валерьянович,3
валерьяновна,3
валу,2
вальпургиева,2
вальтер,1
валя,1
вами,1
ванда,1
вандея,2
ванкувер,2
ванька,1
варавва,2
варангер,2
варвара,2
варварка,2
варлам,2
варламиевич,2
варламиевна,2
варламий,2
варламович,2
варламовна,2
варламьевич,2
варламьевна,2
варна,1
варнава,2
варнавич,2
варнавична,2
варсоноф,3
варсонофиевич,3
варсонофиевна,3
варсонофий,3
варсонофович,3
варсонофовна,3
варсонофьевич,3
варсонофьевна,3
варфоломеевич,4
варфоломеевна,4
варфоломеевская,4
варфоломей,4
варшава,2
варшавянка,3
вары,1
вас,1
василида,3
василий,2
василина,3
василиса,3
василия,2
василла,2
васильев,2
васильевич,2
васильевка,2
васильевна,2
васильево,2
васильевский,2
васильков,3
васнецов,3
васса,1
вассерман,3
вассиан,3
вассианович,3
вассиановна,3
васька,1
вася,1
ватерлоо,3
ватикан,3
вахтангов,2
вацлава,2
вача,1
ваша,1
ваше,1
вашего,1
вашей,1
ваши,1
вашингтон,3
ваших,1
введение,2
введенский,2
вебер,1
вевея,2
вега,1
веды,1
везувий,2
веймар,1
веймарская,1
вейсман,1
велес,2
велизар,3
велизарович,3
велизаровна,3
великая,2
великие,2
великий,2
велико,2
великобритания,5
великое,2
великолепный,4
великоморавская,5
великороссия,4
велимир,3
велимира,3
велимирович,3
велимировна,3
велислава,3
величество,2
веллингтон,1
вельзевул,3
вена,1
венгрия,1
веневитинов,3
венедикт,3
венедикта,3
венедиктович,3
венедиктовна,3
венера,2
венесуэла,4
венецианов,4
венецианский,4
венеция,2
вениамин,4
вениаминович,4
вениаминовна,4
венский,1
вентспилс,1
венуста,2
венцеслав,3
венцеслава,3
венцеславич,3
венцеславна,3
венцеславович,3
венцеславовна,3
веньямин,3
веньяминович,3
веньяминовна,3
вера,1
вербное,1
вергилиев,2
вергилий,2
верден,2
верди,1
вереника,3
вересаев,3
верещагин,3
верея,3
верлен,2
вермонт,2
верн,1
верона,2
вероника,3
верония,2
версаль,2
версальский,2
вертер,1
верую,1
верхневолжье,3
верхнее,1
верхнесилезский,4
верхнеуральск,4
верхние,1
верхний,1
верхняя,1
верховина,3
верховная,2
верховного,2
верховное,2
верховный,2
верховские,2
верхотурье,3
верхоянск,3
веселина,3
веста,1
вестита,2
вестминстер,1
вестминстерское,2
вестфалия,2
весы,2
весьегонск,3
ветлуга,2
ветхий,1
ветхозаветная,4
вехи,1
вечный,1
взыскание,2
вива,1
вивальди,2
вивея,2
вивиана,3
видана,2
видное,1
вие,1
византия,3
вий,1
викентиевич,2
викентиевна,2
викентий,2
викентия,2
викентьевич,2
викентьевна,2
виктор,1|2
викторианская,4
викториевич,2
викториевна,2
викторий,2
викторина,3
виктория,2
викторович,1
викторовна,1
викул,2
викула,2
викулич,2
викулична,2
викулович,2
викуловна,2
вила,1
вилен,2
вилена,2
виленин,3
виленина,3
виленинович,3
вилениновна,3
виленович,2
виленовна,2
вильгельм,2
вильгельмина,3
вильгельмович,2
вильгельмовна,2
вильна,1
вильно,1
вильнюс,1
вильямс,1
вилюй,2
вилюйск,2
виндзор,1
виндзорский,1
виндзоры,1
винни,1
виннипег,1
виннитчина,1
винница,1
виноградов,3
винчи,1
виола,2
виолетта,3
виргиния,2
виринея,3
вирхов,1
висконсин,2
висла,1
виссарион,4
виссарионович,4
виссарионовна,4
вит,1
вита,1
виталиевич,2
виталиевна,2
виталий,2
виталика,2
виталина,3
виталия,2
витальевич,2
витальевна,2
витебск,1
витебщина,1
витович,1
витовна,1
витовт,1
витовтович,1
витовтовна,1
витольд,2
витольдович,2
витольдовна,2
витстон,1
витт,1
вифлеем,3
вичуга,1
вишера,1
вишневский,2
вишну,1
вия,1
влада,1
владивосток,4
владикавказ,4
владилен,3
владилена,3
владиленович,3
владиленовна,3
владимир,2
владимира,3
владимирка,2
владимиро,2
владимирович,2
владимировна,2
владимирская,2
владимирский,2
владимирское,2
владимирщина,2
владислав,3
владислава,3
владиславич,3
владиславна,3
владиславович,3
владиславовна,3
владлен,2
владлена,2
владленович,2
владленовна,2
владычица,2
влас,1
власиевич,1
власиевна,1
власий,1
власов,1
власович,1
власовна,1
власта,1
власьевич,1
власьевна,1
влтава,1
внешторг,2
внешэкономбанк,5
внуково,1
внутренняя,1
вогезы,2
водовзводная,3
водолей,3
водоотводный,4
воды,1
воеводина,3
военная,2
военно,2
воздвижение,2
воздушный,2
вознесение,3
вознесенский,3
возничий,2
возрождение,3
воин,1
воислава,3
война,2
войнич,1
войска,1
войско,1
войслав,1
войтек,1
воланд,1
волга,1
волго,1
волгобалт,3
волгоград,3
волгодонск,3
волжский,1
волжское,1
волк,1
волково,1
вологда,1
вологодчина,3
волоколамск,4
волопас,3
волоцкий,1
волочаевка,3
волошин,2
волхов,1
волхонка,2
волынь,2
вольга,2
вольта,1
вольтер,2
воля,1
вонифат,3
вонифатиевич,3
вонифатиевна,3
вонифатий,3
вонифатович,3
вонифатовна,3
вонифатьевич,3
вонифатьевна,3
воркута,3
воронеж,2
воронежчина,2
воронко,3
воронцов,3
воронцово,3
воронцовские,3
ворота,2
воротынский,3
ворошилов,3
воскресение,3
воскресенск,3
воскресенские,3
воскресенский,3
восстания,2
восток,2
востока,2
восточная,2
восточно,2
восточное,2
восточный,2
восьмое,2
воткинск,1
вотчал,1
впрямь,1
вражек,1
вражка,1
врангель,1
вратарница,2
временное,1
временный,1
вроцлав,1
врубель,1
всеанглийский,3
всевеликое,3
всеволод,1
всеволодович,1
всеволодовна,1
всевышний,2
вседержитель,3
вседержителя,3
всекитайское,3
всекубанское,3
вселенная,2
вселенская,2
вселенский,2
всемирная,2
всемирные,2
всемирный,2
всеобщая,2
всероссийская,3
всероссийский,3
всеслав,2
всеслава,2
всеславич,2
всеславна,2
всеславович,2
всеславовна,2
всех,1
всехсвятский,2
всецарица,3
вторая,2
второзаконие,4
второй,2
вукол,2
вуколович,2
вуколовна,2
вульгата,2
вход,1
вхутемас,3
выборг,1
выборгская,1
выкса,1
высокие,2
высокое,2
высочество,2
высшая,1
высшие,1
высший,1
вытегра,1
вычегда,1
вышгород,1
вышеград,1
вышеслав,3
вышеславич,3
вышеславна,3
вышеславович,3
вышеславовна,3
вышний,1
вьентьян,2
вьетконг,2
вьетнам,2
вюртемберг,1
вязники,1
вязьма,1
вятка,1
вятские,1
вячеслав,3
вячеславич,3
вячеславна,3
вячеславович,3
вячеславовна,3
гаага,2
гаафа,2
габон,2
габрово,1
габсбурги,1
гавайи,2
гавайские,2
гавана,2
гавань,1
гавриил,3
гавриилович,3
гаврииловна,3
гаврик,1
гаврил,2
гаврила,2
гаврилов,2
гаврилович,2
гавриловна,2
гаврилово,2
гаврильевич,2
гаврильевна,2
гаврош,2
гагарин,2
гагарина,2
гагра,1
гае,1
газа,1
газли,2
газпром,2
гаити,2
гай,1
гайана,2
гайдар,2
гала,1
галактика,2
галактион,4
галактионович,4
галактионовна,4
галапагос,4
галата,2
галатея,3
гали,1|2
галилей,3
галилейское,3
галилея,3
галина,2
галисия,2
галиция,2
галицко,1
галицкое,1
галич,1
галла,1
галлей,2
галуа,3
галя,1
гамбия,1
гамбург,1
гамлет,1
гаммельн,1
гана,1
гангутское,2
ганди,1
ганза,1
ганимед,3
ганнибал,3
ганновер,2
гапон,2
гарвард,1
гаргантюа,4
гарибальди,3
гарлем,1
гармония,2
гарольд,2
гаронна,2
гарпагон,3
гарсиа,2
гарт,1
гарун,2
гаршин,1
гасан,2
гаскония,2
гатчина,1
гаты,1
гаудеамус,4
гаусс,1
гафиз,2
гашек,1
гая,1
гвадалахара,4
гваделупа,3
гварнери,2
гватемала,3
гвиана,2
гвинея,2
геба,1
геббельс,1
гебридские,2
гебриды,2
гевея,2
гегелев,1
гегелевский,1
гедеон,3
гедеонович,3
гедеоновна,3
гедимин,3
гедиминович,3
гедиминовичи,3
гедиминовна,3
геи,1
гейгер,1
гейдельберг,1
гейне,1
геката,2
гекатомба,3
гектор,1
гекуба,2
геласиевич,2
геласиевна,2
геласий,2
геласия,2
геласьевич,2
геласьевна,2
геленджик,3
гелиевич,1
гелиевна,1
гелий,1
геликон,3
гелиос,1
гельмгольц,2
гемелла,2
гемина,2
гендель,1
генеральная,3
генеральные,3
генеральный,3
гения,1
геннадиевич,2
геннадиевна,2
геннадий,2
геннадия,2
геннадьевич,2
геннадьевна,2
геннисарет,4
геннисаретское,4
геновефа,3
генри,1
генриетта,3
генрих,1
генрихович,1
генриховна,1
гентекс,1
генуя,1
генштаб,2
георг,2
георгиев,2
георгиевич,2
георгиевна,2
георгиевск,2
георгиевский,2
георгиевское,2
георгий,2
георгина,3
георгия,2
гера,1
геракл,2
гераклит,3
гераклитов,3
герасим,2
герасимович,2
герасимовна,2
герберт,1
гервасиевич,2
гервасиевна,2
гервасий,2
гервасьевич,2
гервасьевна,2
геркулес,3
геркулесовы,3
герман,1
германа,2
германия,2
германович,1
германовна,1
гермес,2
гермоген,3
гермогенович,3
гермогеновна,3
герника,1
герой,2
геронтиевич,2
геронтиевна,2
геронтий,2
геронтьевич,2
геронтьевна,2
герострат,3
гертруда,2
герц,1
герцеговина,4
герцен,1
гершвин,1
гесс,1
гессен,1
гетманщина,1
гефест,2
гефсиманский,3
гея,1
гжель,1
гиады,2
гиацинт,3
гиацинтович,3
гиацинтовна,3
гиббс,1
гибралтар,3
гидрометеоцентр,6
гидрометцентр,4
гильдия,1
гималаи,3
гименей,3
гиндукуш,3
гиннесс,1
гиннесса,1
гипнос,1
гиппократ,3
гиссарская,2
гиссарский,2
гитлер,1
главлит,2
главное,1
главный,1
глазго,1
глафира,2
глеб,1
глебович,1
глебовна,1
гликерия,2
глина,1
глинка,1
глориоза,3
гнедко,2
гнездо,2
гнесины,1
гоби,1
гобсек,2
гог,1
гоген,2
гогенцоллерны,3
гоголь,1
год,1
гознак,2
гойя,1
голанские,2
голарктика,2
голарктическая,3
голгофа,2
голиаф,3
голиндуха,3
голицын,2
голицыно,2
голконда,2
голландия,2
голливуд,3
голль,1
голодная,2
голсуорси,3
голубой,3
гольдони,2
гольфстрим,2
гомель,1
гомельщина,1
гомер,2
гомеров,2
гоминьдан,3
гоморра,2
гондурас,3
гонеста,2
гонконг,2
гонкур,2
гонкуровская,2
гонкуры,2
гонората,3
гончаров,3
гончарова,3
гончие,1
гора,2
горациев,2
горациевич,2
горациевна,2
гораций,2
горбунок,3
горгий,1
горгониевич,2
горгониевна,2
горгоний,2
горгония,2
горгоньевич,2
горгоньевна,2
гордеевич,2
гордеевна,2
гордей,2
гордый,1
гори,1
горислава,3
горки,1
горловка,1
горная,1
горно,1
горные,1
горный,1
городец,3
городничий,3
горок,1
гороховец,4
гортензия,2
гору,1
горы,1
горыныч,2
горыныча,2
горький,1
горячий,2
госавтоинспекция,5
госдеп,2
госдепартамент,4
госдума,2
госкино,3
госконцерт,3
госналогслужба,4
госплан,2
господень,2
господи,1
господин,3
господний,2
господня,2
господь,2
госпремия,2
госсовет,3
госстандарт,3
госстрах,2
гостелерадиофонд,7
гостиный,2
гостомысл,3
гостомыслович,3
гостомысловна,3
государств,3
государственная,3
государственное,3
государственный,3
госфильмофонд,4
готланд,1
гофман,1
гохран,2
гоцци,1
грааль,2
град,1
градислава,3
градская,1
гражданская,2
гражданский,2
гражданско,2
грановитая,3
грек,1
греко,1
гремислав,3
гремиславич,3
гремиславна,3
гремиславович,3
гремиславовна,3
гренада,2
гренландия,2
гренобль,2
грета,1
греция,1
грибоедов,3
григорий,2
григорьевич,2
григорьевна,2
гримм,1
гринвич,1
гринвичский,1
гринпис,1
гроб,1
гродненщина,1
гродно,1
грозный,1
грузия,1
грюнвальд,2
грюнвальдская,2
грязи,1
грязь,1
гуанчжоу,3
губчека,3
гуд,1
гуджарат,3
гудзон,2
гудзонов,2
гук,1
гука,1
гулливер,3
гуляйполе,3
гумбольдт,1
гундерсон,1
гурзуф,2
гуриевич,1
гуриевна,1
гурий,1
гурьев,1
гурьевич,1
гурьевна,1
гурьян,2
гурьянович,2
гурьяновна,2
гусейн,2
гуситские,2
гусь,1
гутенберг,1
гуцульщина,2
гюго,2
гюйгенс,1
гюмри,2
гянджа,2
давид,2
давидович,2
давидовна,2
давос,2
давосский,2
давыд,2
давыдович,2
давыдовна,2
дагестан,3
дагомея,3
дажбог,1
даждьбог,2
дакар,2
дакка,1
дакота,2
далев,1
далевский,1
далила,2
даллас,1
далмат,2
далматович,2
далматовна,2
далмация,2
дальневосточный,4
дальнегорск,3
дальнереченск,3
дальний,1
дальтон,1
дама,1
дамаск,2
дамаскин,3
данаиды,3
даная,2
даниил,3
даниилович,3
данииловна,3
данил,2
данила,2
данилович,2
даниловна,2
дания,1
данте,1
дантес,2
дантов,1
дар,1
дарвин,1
дарвинов,1
дарданеллы,3
дария,1
дары,2
дарья,1
дарьяльское,2
даугавпилс,1
даун,1
даунинг,1
даурия,2
даурская,2
даурский,2
дафнис,1
дашкова,1
даян,2
двенадцати,2
двина,2
двор,1
дворец,2
дворы,2
дворянское,2
дебора,2
дева,1
девичье,1
девлет,2
дед,1
деда,1
дедал,2
дедушка,1
деина,2
дейк,1
декабрина,3
декабрьское,2
декамерон,4
декарт,2
декартов,2
декларация,3
дели,1
дельвиг,1
дельфийский,2
дельфы,1
дементиевич,2
дементиевна,2
дементий,2
дементьевич,2
дементьевна,2
деметра,2
демид,2
демидович,2
демидовна,2
демократическая,4
демократический,4
демокрит,3
демосфен,3
демьян,2
демьянович,2
демьяновна,2
денвер,1
денежкин,1
деникин,2
денис,2
денисиевич,2
денисиевна,2
денисий,2
денисия,2
денисович,2
денисовна,2
денисьевич,2
денисьевна,2
день,1
деодорович,3
дербент,2
деревня,2
державин,2
держиморда,3
десна,2
десногорск,3
детройт,2
детская,1
детский,1
деум,1
деяния,2
джайпур,2
джакарта,2
джалал,2
джамахирия,4
джамбул,2
джек,1
джером,2
джерси,1
джибути,2
джинс,1
джоконда,2
джон,1
джонс,1
джорд,1
джоуль,1
джоуля,1
джульетта,2
джунгария,2
джунгарские,2
дзержинск,2
дзержинский,2
диана,2
див,1
дивногорск,3
дигесты,2
дигна,1
дидона,2
дидро,2
диканька,2
дикая,1
дикий,1
диккенс,1
дикое,1
диксон,1
дилижан,3
димитриевич,2
димитриевна,2
димитриевская,2
димитрий,2
димитровград,4
дина,1
динамо,2
динарское,2
динары,2
диоген,3
диодора,3
диомид,3
диомидович,3
диомидовна,3
дионина,3
дионис,2
дионисиевич,3
дионисиевна,3
дионисий,3
дионисьевич,3
дионисьевна,3
дипломатическая,4
дирак,2
директория,3
дисней,1
диснейленд,3
дия,1
дмитриев,1
дмитриевич,1
дмитриевна,1
дмитрий,1
дмитров,1
днепровский,2
днепровско,2
днепродзержинск,4
днепропетровск,4
днепропетровщина,4
днестровско,2
дни,1
дноген,2
доберман,3
добрая,1
добровольческая,3
доброгнева,3
доброй,1
добромила,3
добромира,3
добромысл,3
добромыслович,3
добромысловна,3
доброслава,3
добрынич,2
добрынична,2
добрыня,2
довженко,2
довмонт,2
довмонтович,2
довмонтовна,2
договаривающиеся,3
доде,2
дождей,2
дойль,1
доктор,1
долгано,2
долгий,1
долгопрудный,3
долгорукий,3
долгушин,2
долина,2
дом,1
дома,1
домбай,2
доминик,3
доминика,3
доминиканская,4
доминикович,3
доминиковна,3
домитилла,3
домна,1
домника,2
домникия,2
домнина,2
домодедово,3
домострой,3
домский,1
дон,1
донара,2
донат,2
доната,2
донатович,2
донатовна,2
донбасс,2
донетчина,2
донец,2
донецк,2
донецкий,2
доницетти,3
донского,2
донское,2
донской,2
донца,2
донщина,2
доплер,1
дора,1
доримедонт,4
доримедонтович,4
доримедонтовна,4
дормедонт,3
дормедонтович,3
дормедонтовна,3
дормидонт,3
дормидонтович,3
дормидонтовна,3
дорога,2
дороги,2
дорогобуж,4
дорофеевич,3
дорофеевна,3
дорофей,3
дорофея,3
дортмунд,1
дос,1
доса,1
досифеевич,3
досифеевна,0
досифей,3
досифея,3
доска,2
достоевский,3
достоевского,3
доу,1
драйзер,1
дракон,2
дракона,2
древний,1
древняя,1
дрезден,1
дрезденская,1
дрейфус,1
дрогобыч,2
дроздовская,2
дроздовский,2
дросида,2
дружбы,1
дружок,2
дублин,1
дубна,1
дубоссары,3
дубровник,2
дудинка,2
дуйсбург,1
дуклида,2
дульцинея,3
дума,1
дунай,2
дух,1
духа,1
духов,1
духовная,2
дученто,2
душанбе,3
душенька,1
душечка,1
дымково,1
дьяково,2
дэвис,1
дэвиса,1
дюймовочка,2
дюма,2
дюрер,1
дюссельдорф,1
дягилев,1
дяди,1
дядя,1
дятьково,1
ева,1
евангелие,2
евангелина,4
евангелия,4
еванфия,2
евгениевич,2
евгениевна,2
евгений,2
евгения,2
евгеньевич,2
евгеньевна,2
евграфиевич,2
евграфиевна,2
евграфий,2
евграфович,2
евграфовна,2
евграфьевич,2
евграфьевна,2
евдокимович,3
евдокимовна,3
евдокия,3
евдоксия,2
евлалия,2
евлампиевич,2
евлампиевна,2
евлампий,2
евлампия,2
евлампьевич,2
евлампьевна,2
евлогиевич,2
евлогиевна,2
евлогий,2
евмениевич,2
евмениевна,2
евмений,2
евмения,2
евменович,2
евменовна,2
евменьевич,2
евменьевна,2
евминия,2
евника,2
евникия,2
евномия,2
евпатий,2
евпатория,3
евпраксия,2
евразия,2
еврейская,2
еврипидов,3
евро,1
евровидение,3
евролига,3
европа,2
европарламент,4
европе,2
европейская,3
европейский,3
европейско,3
европейское,3
европы,2
евсевия,2
евсеевич,2
евсеевна,2
евстафиевич,2
евстафиевна,2
евстафий,2
евстафия,2
евстафьевич,2
евстафьевна,2
евстахиевич,2
евстахиевна,2
евстахий,2
евстахьевич,2
евстахьевна,2
евстигнеевич,3
евстигнеевна,0
евстолия,2
евстратиевич,2
евстратиевна,2
евстратий,2
евстратович,2
евстратовна,2
евстратьевич,2
евстратьевна,2
евтерпа,2
евтихиевич,2
евтихиевна,2
евтихий,2
евтихия,2
евтихьевич,2
евтихьевна,2
евтропия,2
евфалия,2
евфимиевич,2
евфимиевна,2
евфимий,2
евфимия,2
евфимьевич,2
евфимьевна,2
евфросиния,3
египет,2
египетская,2
егориевич,2
егориевна,2
егорий,2
егорович,2
егоровна,2
егорьевич,2
егорьевна,2
единая,2
екатерина,4
екатерининский,4
елабуга,2
елагин,2
елена,2
елены,2
елеонская,3
елизавета,4
елизарович,3
елизаровна,3
еликонида,4
елисеевич,3
елисеевна,0
елисеевский,3
елисейские,3
елисейский,3
елистратович,3
елистратовна,3
елпидифорович,4
елпидифоровна,4
ельня,1
ельцин,1
емельянович,3
емельяновна,3
емеля,2
епистима,3
епистимия,4
епифаниевич,3
епифаниевна,3
епифаний,3
епифанович,3
епифановна,3
епифаньевич,3
епифаньевна,3
епиходов,3
еремеевич,3
еремеевна,0
ермиевич,1
ермиевна,1
ермий,1
ермила,2
ермилиевич,2
ермилиевна,2
ермилий,2
ермилич,2
ермилична,2
ермилович,2
ермиловна,2
ермильевич,2
ермильевна,2
ермиония,3
ермолаевич,3
ермолаевна,3
ермолов,2
ермолова,2
ерофеевич,3
ерофеевна,0
есенин,2
ефимиевич,2
ефимиевна,2
ефимий,2
ефимия,2
ефимович,2
ефимовна,2
ефимьевич,2
ефимьевна,2
ефимья,2
ефремиевич,2
ефремиевна,2
ефремий,2
ефремович,2
ефремовна,2
ефремьевич,2
ефремьевна,2
ефросиния,3
ефросинья,3
ехидна,2
жакерия,3
жаккард,2
жанна,1
желания,2
железина,2
железная,2
железноводск,4
железнодорожный,5
женева,2
женевские,2
женевское,2
живоначальная,4
животворящий,4
жигули,3
жиздра,1
жизнедавец,3
жилищный,2
жираф,2
жириновский,3
жиронда,2
житомир,2
жозефина,3
жордан,2
жорж,1
жостово,1
жуан,2
жуков,1
жуковский,2
жучка,1
жюль,1
заалайский,3
зааралье,3
забайкалье,3
забайкальский,3
завет,2
завета,2
заветлужье,3
завод,2
завоеватель,4
заволжье,2
заволочье,1
заворот,1
загорье,2
загреб,1
заднепровье,3
задонск,2
задонский,2
задонщина,2
задонье,2
зазеркалье,3
заиконоспасский,5
заилийский,3
заир,2
зайка,1
займище,1
зайца,1
закавказье,3
закарпатье,3
закаспий,2
заключительный,3
закон,2
законодательное,4
залесский,2
залив,2
зальцбург,1
замбези,2
замбия,1
замоскворечье,4
занеглименье,3
занзибар,3
заозерье,3
заокский,2
заонежье,3
заочье,2
запад,1
западная,1
западно,1
западное,1
западный,1
заполярье,3
запорожская,3
запорожье,3
зара,1
зарайск,2
заратустра,3
заратуштра,3
зарема,2
заречье,2
зарина,2
заря,2
зарядье,2
заряна,2
засека,1
застава,2
затворник,2
зауралье,3
захар,2
захариевич,2
захариевна,2
захарий,2
захарович,2
захаровна,2
захарьевич,2
захарьевна,2
зачатьевский,2
заяузье,2
заяц,1
звезда,2
звезды,2
звенигород,2
зевес,2
зевс,1
зееман,1
зеландия,2
зеленогорск,4
зеленоград,4
зеленодольск,4
земельный,2
земли,2
землю,1
земля,2
земляной,3
земский,1
земфира,2
зенит,2
зенон,2
зенона,2
зенонович,2
зеноновна,2
зерноград,3
зефир,2
зея,1
зиждитель,2
зимбабве,2
зимнего,1
зимний,1
зимняя,1
зина,1
зинаида,3
зингер,1
зиновиевич,2
зиновиевна,2
зиновий,2
зиновия,2
зиновьевич,2
зиновьевна,2
злата,1
златоуст,3
златые,2
змееносец,3
змеи,2
змей,1
змея,1|2
змиевы,1
знамени,1
знамение,1
знаменка,1
знаменский,1
знамя,1
знание,1
зоил,2
золотая,3
золотого,3
золотое,3
золотой,3
золотые,3
золушка,1
зондские,1
зороастр,3
зосим,1
зосима,2
зосимич,2
зосимична,2
зосимович,1
зосимовна,1
зощенко,1
зоя,1
иакимович,3
иакимовна,3
иакинфович,3
иакинфовна,3
иберия,2
ибсен,1
ива,1
ивангород,3
иванна,2
ивано,2
иванов,2
иванович,2
ивановка,2
ивановна,2
иваново,2
ивановская,2
иванушка,2
иверская,1
иветта,2
ивонна,2
игарка,2
игнатиевич,2
игнатиевна,2
игнатий,2
игнатович,2
игнатовна,2
игнатьевич,2
игнатьевна,2
игореве,1
игоревич,1
игоревна,1
игорь,1
игры,1
ида,1
идея,2
идолище,1
иегова,3
иеремия,4
иеронимович,4
иеронимовна,4
ижа,1
ижем,1
ижма,1
ижора,2
ижорская,2
ижорский,2
изабелла,3
избранная,1
известия,2
изида,2
измаилович,3
измаиловна,3
измайлович,2
измайловна,2
измайлово,2
измайловский,2
изобильный,3
изольда,2
изосим,2
изосимович,2
изосимовна,2
изотович,2
изотовна,2
израилев,2
израиль,2
изяславич,3
изяславна,3
изяславович,3
изяславовна,3
иисусе,3
икария,2
иларионович,4
иларионовна,4
илария,2
илиада,3
илиодорович,4
илиодоровна,4
илия,2
илларионович,4
илларионовна,4
илона,2
ильина,2
ильинка,2
ильменские,2
ильмены,2
ильмень,1
инга,1
ингерманландия,4
индиана,3
индианаполис,4
индигирка,3
индийский,2
индийско,2
индифферентный,4
индия,1
индо,1
индонезия,3
индра,1
инесса,2
инженерный,3
инна,1
иннокентиевич,3
иннокентиевна,3
иннокентий,3
иннокентьевич,3
иннокентьевна,3
инсбрук,1
интервидение,3
информационное,5
инюрколлегия,4
ио,1
иоанна,3
иоаннов,3
иоаннович,3
иоанновна,3
иоанновские,3
иов,1
иовилла,3
иович,1
иовна,1
иола,2
иоланта,3
иона,2
ионич,2
ионические,3
ионическое,3
ионична,2
иония,2
ионна,2
ионыч,2
иордания,3
иорданское,3
иосафатович,4
иосафатовна,4
иосиф,2
иосифович,2
иосифовна,2
ипатиевич,2
ипатиевна,2
ипатий,2
ипатович,2
ипатовна,2
ипатьевич,2
ипатьевна,2
ипатьевская,2
ипатьевский,2
иппокрена,3
ипполита,3
ипполитович,3
ипполитовна,3
ираида,3
ираклиевич,2
ираклиевна,2
ираклий,2
ирвинг,1
ирина,2
иринархович,3
иринарховна,3
иринеевич,3
иринеевна,3
ирландия,2
ирландская,2
ирма,1
ирод,1
иродионович,4
иродионовна,4
исаакиевич,3
исаакиевна,3
исаакиевский,3
исаакий,3
исаакович,3
исааковна,3
исаевич,2
исаевна,2
исакиевич,2
исакиевна,2
исакий,2
исакович,2
исаковна,2
исида,2
исидор,2
исидора,3
исидорович,2
исидоровна,2
искандер,2
искра,1
исламская,2
исландия,2
испания,2
исповедник,3
исполнительный,3
исса,1
истмийские,2
истра,1
истрия,1
исусе,2
италия,2
иуда,2
иудейская,3
иудея,3
иудушка,2
иуды,2
иустинович,3
иустиновна,3
ифигения,3
ичкерия,2
иштар,1
ишутинский,2
июльская,2
ия,1
йеллоустонский,4
йемен,1
йена,1
йиглава,1
йокогама,3
йорки,1
йоркшир,1
йоханнесбург,2
йошкар,2
кааба,1
кабан,2
кабана,3
кабаниха,3
кабарда,3
кабардино,3
кабилия,2
кабинет,3
кабо,1
кабул,2
кавголово,1
кавказ,2
кавказа,2
кавказская,2
кавказские,2
кавказский,2
казак,2
казанова,3
казанская,2
казанский,2
казань,2
казахстан,3
каздоя,2
казимир,3
казимира,3
казимирович,3
казимировна,3
каин,1
каир,2
кайенна,2
каймановы,2
кайши,2
какао,2
калабрия,2
калахари,3
калач,2
калачская,2
калашников,2
калашный,2
каледин,2
каледония,3
калерия,2
калигула,2
калида,2
калимантан,4
калининград,4
калининградская,4
калипсо,2
калиса,2
калита,3
калифорния,3
каллимах,3
каллимахович,3
каллимаховна,3
каллиник,2
каллиникия,3
каллиникович,2
каллиниковна,2
каллиона,3
каллиопа,3
каллиопиевич,3
каллиопиевна,3
каллиопий,3
каллист,1
каллиста,2
каллистович,1
каллистовна,1
каллистрат,3
каллистратович,3
каллистратовна,3
каллисфен,3
каллисфенович,3
каллисфеновна,3
калмыкия,2
калуга,2
калуф,2
калуфович,2
калуфовна,2
калькутта,2
калязин,2
кама,1
камбоджа,2
каменец,1|3
каменка,1
каменностровский,4
каменный,1
каменск,1
камень,1
камер,1
камерный,1
камерун,3
камилла,2
камни,1
камня,1
кампала,2
кампания,2
камские,1
камско,1
камское,1
камчатка,2
камышин,2
камю,2
канада,2
канарские,2
канары,2
канатчикова,2
канберра,2
кандалакша,3
кандида,2
кандидиевич,2
кандидиевна,2
кандидий,2
кандидьевич,2
кандидьевна,2
канзас,1
канин,1
каннский,1
канны,1
каносса,2
кант,1
канталупа,3
кантемир,3
кантемировская,3
кантидиан,4
кантидианович,4
кантидиановна,4
капелла,2
капетинги,3
капик,1
капикович,1
капиковна,1
капитолий,3
капитолийский,4
капитолина,4
капитон,3
капитонович,3
капитоновна,3
капица,2
капнист,2
капотня,2
каппадокия,3
капри,1
капский,1
капулетти,3
капустин,2
кара,2
карабас,3
карабах,3
карабогазская,4
караваджо,3
караганда,4
каракас,2
каракумы,3
карамазовы,3
карамзин,3
каратау,3
карач,2
карачаево,3
караян,3
каргополь,1
каргополье,3
карелия,2
карельский,2
каретный,2
карибский,2
карибское,2
карибы,2
карина,2
каринтия,2
карион,3
карионович,3
карионовна,3
карл,1
карлов,1
карлович,1
карловна,1
карловы,1
карлсбад,2
карманьола,3
карнеги,1
карно,2
каролина,3
каролинги,3
карп,1
карпаты,2
карпович,1
карповна,1
каррара,2
карские,1
карское,1
карфаген,3
касабланка,3
касимов,2
касиния,2
касли,2
каспий,1
каспийск,2
каспийская,2
каспийское,2
кассандра,2
кассационный,4
кассиль,2
кассиопея,4
кастальский,2
кастилия,2
кастор,2
кастрихиевич,2
кастрихиевна,2
кастрихий,2
кастрихьевич,2
кастрихьевна,2
касьян,2
касьянович,2
касьяновна,2
катав,2
каталония,3
катар,2
катовице,3
катон,2
катулл,2
катунь,2
катынь,2
каунас,1
каутский,1
кафка,1
кахетия,2
каховка,2
качканар,3
кашгар,2
кашгарский,2
кашин,1
кашира,2
кашмир,2
каштанка,2
квазимодо,3
кваренги,2
кватроченто,3
квебек,2
квинке,1
квиринал,3
квислинг,1
кедровая,1
кедронская,2
келдыш,1
келестина,3
кельвин,1
кемаль,2
кембридж,1
кемерово,1
кемпийский,2
кения,1
кеннеди,1
кентербери,1
кентукки,2
керженец,1
керим,2
керкира,2
керченский,1
кесарийский,3
кесария,3
кетевань,3
кибела,2
кие,1
киев,1
киево,1
киевская,1
киевщина,1
киже,2
кижи,1
кизел,1
кизляр,2
кий,1
киликия,2|3
кильский,1
ким,1
кима,1
кимович,1
кимовна,1
кимры,1
кинешма,1
киншаса,2
киото,2
киплинг,1
кипп,1
киприан,3
киприанович,3
киприановна,3
киприда,2
кир,1
кира,1
киргизия,2
киржач,2
кириак,3
кириакия,3
кириакович,3
кириаковна,3
кириана,3
кирик,1
кирикович,1
кириковна,1
кирилл,2
кирилла,2
кирилло,2
кириллов,2
кириллович,2
кирилловна,2
киров,1
кирович,1
кировна,1
кирово,1
кировоград,4
кировск,1
кировский,1
кирсан,2
кирсанович,2
кирсановна,2
кирьяк,2
кирьякович,2
кирьяковна,2
кирьяна,2
кисловодск,3
китай,2
китайгородская,4
китайская,2
китайско,2
китеж,1
кихот,2
кия,1
клавдиевич,1
клавдиевна,1
клавдий,1
клавдия,1
клайпеда,1
клайперон,3
клара,1
клариса,2
клементина,3
клеопа,2
клеопатра,3
кливленд,1
клим,1
климент,1
климентиевич,2
климентиевна,2
климентий,2
климентович,1
климентовна,1
климентьевич,2
климентьевна,2
климович,1
климовна,1
клину,2
клинцы,2
клио,1
клитемнестра,3
клондайк,2
ключ,1
ключевская,3
ключи,2
клязьма,1
книга,1
книдская,1
книдский,1
книжная,1
кобленц,1
ковент,1
ковентри,1
когалым,3
кодекс,1
коза,2
козельск,2
козерог,3
козерога,3
козлова,2
козы,2
козьма,2
козьмодемьянск,4
коканд,2
коктебель,3
кокчетав,3
колизей,3
коллизия,2
колобок,3
коловрат,3
коловрата,3
колодезь,2
коломбина,3
коломбо,2
коломенское,2
коломна,2
колонный,2
колорадо,3
колосс,2
колумб,2
колумбия,2
колумбов,2
колупаевы,3
колхида,2
колчак,2
колыма,3
кольский,1
кольцевая,3
коляда,2
командор,3
командорские,3
коми,1
коминтерн,3
комиссаржевская,4
комитет,3
коммерц,2
коммунистическая,4
коммунистический,4
коморские,2
коморы,2
комптон,1
комсомольск,3
конакри,3
конан,1
конвент,2
конго,1
кондопога,3
кондрат,2
кондратиевич,2
кондратиевна,2
кондратий,2
кондратович,2
кондратовна,2
кондратьевич,2
кондратьевна,2
конкордия,2
коннектикут,2
конон,1
кононович,1
кононовна,1
конрад,1
конрадович,1
конрадовна,1
консервативная,4
константин,3
константинович,3
константиновна,3
константинополь,4
констанц,1
констанца,2
констанция,2
конституции,3
конституционное,5
конституционный,5
конституция,3
контадорская,3
контрреформация,4
конфедерация,4
конфуций,2
концертный,2
конька,2
копенгаген,3
коперник,2
копетдаг,3
коран,2
кордильеры,3
кордова,1
кордовский,1
кордофан,3
корея,2
коринф,2
корнеевич,2
корнеевна,2
корней,2
корнелев,2
корнелиевич,2
корнелиевна,2
корнелий,2
корнелия,2
корнельевич,2
корнельевна,2
корнил,2
корнилиевич,2
корнилиевна,2
корнилий,2
корнилов,2
корнилович,2
корниловна,2
корнильевич,2
корнильевна,2
корнуолл,1
коробочка,2
коровий,2
королевство,3
короленко,3
король,2
корона,2
короткий,2
корреджо,2
корсаков,1|2
корсаковское,2
корсика,1
корсунь,1
корчагин,2
корякский,2
косая,2
косово,1
коста,1
кости,1
кострома,3
костромщина,3
кот,1
котлас,1
котлы,2
котофей,3
кох,1
коха,1
коцит,2
кошице,1
кощей,2
краина,1
крайний,1
краков,1
краматорск,3
красная,1
красновишерск,3
красноводск,3
красного,1
красногорск,3
краснодар,3
краснодарский,3
краснодон,3
красное,1
красной,1
краснохолмская,3
красноярск,3
красноярский,3
красноярье,3
красные,1
красный,1
крез,1
крейцфельда,1
кременчуг,3
кремль,1
крест,1
креста,1|2
креститель,2
крестовоздвиженский,4
крестовые,2
крестопоклонная,4
кресты,2
крещатик,2
крещение,2
кривое,2
кривой,2
кривоколенный,4
криворожский,3
криворожье,3
кризисов,1
кристина,2
кришна,1
кровавое,2
крови,2
крокодил,3
кромы,1
кронос,1
кронштадт,2
кронштадтский,2
крошечка,1
круглого,1
крыжополь,2
крылатские,2
крылатское,2
крылов,2
крыма,1
крымская,1
крымский,1
крыса,1
крысолов,3
крысы,1
ксантиппа,2
ксанфиппа,2
ксения,1
ксенофонт,3
ксенофонтович,3
ксенофонтовна,3
куба,1
кубань,2
кубачи,3
кубок,1
кувейт,2
кудринская,1
кузбасс,2
кузмин,2
кузнецк,2
кузнецкая,2
кузнецкий,2
кузнецов,3
кузьма,2
кузьмин,2
кузьминична,2
кузьмич,2
куинджи,2
кулибин,2
куликово,3
куликовская,3
кулон,2
кулунда,3
кулундинская,3
куляб,2
кума,2
кумо,1
кумран,2
кунсткамера,2
кунцево,1
купава,2
купала,2
купер,1
купидон,3
купина,3
куприян,3
куприянович,3
куприяновна,3
кура,2
курбан,2
курган,2
курдистан,3
курило,2
курилы,2
курильск,2
курильские,2
курляндия,2
куропаты,3
курочка,1
курская,1
курчатов,2
куршская,1
куршский,1
кусково,2
кустанай,3
кустанайщина,3
кустодиев,2
кутаиси,3
кутафья,2
кутузов,2
кызыл,2
кызылкум,3
кыштым,2
кьеркегор,3
кюри,2
кяхта,1
ла,1
лабиринт,3
лабрадор,3
лавиния,2
лавр,1
лавра,1
лаврентиевич,2
лаврентиевна,2
лаврентий,2
лаврентия,2
лаврентьевич,2
лаврентьевна,2
лаврентьевская,2
лаврион,3
лаврович,1
лавровна,1
лагос,1
лагранж,2
лада,1
ладимир,3
ладимирович,3
ладимировна,3
ладога,1
ладожское,1
лазарев,1
лазарева,1
лазаревич,1
лазаревна,1
лазарь,1
лазаря,1
лазурный,2
лайла,1
ламанчский,2
ламберт,1
ламе,2
лангедок,3
ландау,2
ланде,1
ланды,1
ланкастеры,2
ланселот,3
лао,1
лаокоон,4
лаос,2
лапландия,2
лаплас,2
лаплатская,2
ларион,3
ларионович,3
ларионовна,3
лариса,2
ларошфуко,4
ларусс,2
лассаль,2
лассар,2
латвия,1
латинская,2
латинский,2
лаура,2
лафонтен,3
лафонтенов,3
лацис,1
лебеди,1
лебедин,3
лебедь,1
лебедянь,3
лебяжья,2
лев,1
левант,2
левиафан,4
левитан,3
левобережная,4
левша,2
леда,1
леди,1
ледовитый,3
ледовое,2
леды,1
лежандр,2
лейбниц,1
лейбористская,3
лейден,1
лейла,1
лейпциг,1
лель,1
лемира,2
лена,1
ленгмюр,1
ленин,1
ленина,1|2
ленинград,3
ленинка,1
лениногорск,4
ленинск,1
ленинская,1
ленинские,1
ленинский,1
ленком,2
ленц,1
ленца,1
леокадия,3
леон,2
леонард,3
леонардо,3
леонардович,3
леонардовна,3
леонид,3
леонида,3
леонидович,3
леонидовна,3
леонила,3
леонина,3
леония,2
леонович,2
леоновна,2
леонтиевич,2
леонтиевна,2
леонтий,2
леонтьевич,2
леонтьевна,2
леопольд,3
леопольдович,3
леопольдовна,3
лермонтов,1
лес,1
лесбос,1
лесков,2
лесной,2
лесные,2
лесосибирск,4
лесото,2
лествичник,1
лета,1
летний,1
лету,1
лефортово,2
лея,1
лжедмитрий,2
ли,1
лиана,2
лианозово,3
либерально,3
либерия,2
ливадия,2
ливан,2
ливерпуль,3
ливийская,2
ливия,1
ливны,1
ливония,2
ливонская,2
ливонский,2
лига,1
лиго,1
лигурия,2
лидия,1
лиепая,3
лиза,1
лизы,1
ликия,1
лилиана,3
лилит,2
лилия,1
лима,1
лимож,2
лина,1
линкольн,1
линнеев,2
линней,2
линч,1
лион,2
липецк,1
липовая,1
липовой,1
лир,1
лира,1
лисабон,3
литва,2
литераторские,3
литовское,2
литфонд,2
лифляндия,2
лихвин,1
лихтенштейн,3
лия,1
ллойд,1
лобачевский,3
лобное,1
лог,1
логвин,1
логвинович,1
логвиновна,1
логгин,1
логгинович,1
логгиновна,1
логе,1
логос,1
лодейное,2
лозанна,2
лойола,2
локарно,2
локомотив,4
лолия,1
ломбардия,2
ломброзо,2
ломов,1
ломоносов,3
ломоносовская,3
ломоносовские,3
лонгин,1
лонгина,2
лонгинович,1
лонгиновна,1
лондон,1
лондонский,1
лопахин,2
лопские,1
лора,1
лоренц,1
лоренцо,2
лосиный,2
лота,1
лотарингия,3
лотман,1
лотси,1
лошади,1
лошадь,1
луанда,2
луара,2
луарсаб,3
луарсабович,3
луарсабовна,3
лубны,1
лубянка,2
лувр,1
луга,1
луганск,2
луганский,2
луганщина,2
лудольф,2
лужица,1
лужнецкая,2
лужники,3
лузитания,3
луиза,2
луизиана,4
лука,2
лукан,2
луканович,2
лукановна,2
лукас,1
лукерья,2
луки,1
лукиан,3
лукиана,3
лукианович,3
лукиановна,3
лукинична,2
лукич,2
лукия,2
лукреция,2
лукьян,2
лукьянович,2
лукьяновна,2
луна,2
луристан,3
лусака,2
лучегорск,3
лысенко,2
лысые,1
лысьва,1
львиное,1
львович,1
львовна,1
львовщина,1
лэмб,1
любава,2
любан,1
люберцы,1
любим,2
любимович,2
любимовна,2
люблин,1
люблино,3
люблинская,1
любляна,2
любовь,2
любомила,3
любомир,3
любомира,3
любомирович,3
любомировна,3
любомысл,3
любомыслович,3
любомысловна,3
людмила,2
люксембург,3
люцерн,2
люциан,3
люцианович,3
люциановна,5
люцина,2
люцифер,3
люция,2
ляпкин,1
ляпунов,3
маастрихт,3
мавзолей,3
мавр,1
мавра,1
маврикиевич,2
маврикиевна,2
маврикий,2
маврикьевич,2
маврикьевна,2
мавритания,3
маврович,1
мавровна,1
мавродиевич,2
мавродиевна,2
мавродий,2
мавродьевич,2
мавродьевна,2
магадан,3
магда,1
магдалина,3
магдебург,1
магдебургское,3
магеллан,3
магелланов,3
магелланово,3
магеллановы,3
магна,1
магнитка,2
магнитная,2
магнитогорск,4
магомет,3
магриб,2
мадагаскар,4
мадонна,2
мадрас,2
мадрид,2
маевич,1
маевна,1
мажанди,3
мазай,2
мазая,2
мазовия,2
мазовше,2
мазурское,2
маина,2
май,1
майами,2
майкельсон,1
майкоп,2
майн,1
майя,1
макар,2
макариевич,2
макариевна,2
макарий,2
макаров,2
макарович,2
макаровна,2
макарьевич,2
макарьевна,2
макбет,1
македон,3
македониевич,3
македониевна,3
македоний,3
македония,3
македонович,3
македоновна,3
македонский,3
македоньевич,3
македоньевна,3
макиавелли,4
макрина,2
максвелл,1
максвелла,1
максим,2
максима,2
максимиан,4
максимианович,4
максимиановна,4
максимилиан,5
максимилианович,5
максимилиановна,5
максимильян,4
максимильянович,4
максимильяновна,4
максимович,2
максимовна,2
малабар,3
малави,2
малайзия,2
малакка,2
малания,2
маланья,2
малахов,2
малая,1
маленький,1
мали,2
малина,2
малиновое,2
малое,1
малоземельская,4
малороссия,3
малоярославец,5
малх,1
малхович,1
малховна,1
малые,1
малый,1
мальвина,2
мальдивские,2
мальдивы,2
мальпиги,2
мальта,1
мальтийский,2
мальтус,1
мальчик,1
мамаев,2
мамай,2
мамврийский,2
мамед,2
мамелфа,2
мамин,1
мамонтов,1
мангазея,3
мангейм,1
мангышлак,3
мандельштам,3
манеж,2
манежная,2
манефа,2
манила,2
манилов,2
манкуниум,2
манн,1
манту,2
мантуя,1
мануил,3
мануилович,3
мануиловна,3
мануфактур,4
манхэттен,2
манчестер,2
маныч,2
маньчжурия,2
мао,1
мапуту,2
марат,2
маратович,2
маратовна,2
марафон,3
маргарита,3
мардариевич,2
мардариевна,2
мардарий,2
мардарьевич,2
мардарьевна,2
мариам,3
мариамна,3
мариан,3
мариана,3
марианна,3
марианович,3
мариановна,3
мариетта,3
мариинская,3
мариинский,3
марий,1
марин,2
марина,2
маринович,2
мариновна,2
марионилла,4
мариотт,3
мариотта,3
мариуполь,3
мария,2
марк,1
марка,1
маркел,2
маркеллина,3
маркелович,2
маркеловна,2
маркиан,3
маркиана,3
маркианович,3
маркиановна,3
маркизские,2
маркович,1
марковна,1
марковников,2
марксина,2
марксов,1
марлен,2
марлена,2
марленович,2
марленовна,2
марна,1
марокко,2
маросейка,3
марс,1
марсель,2
марсельеза,3
марсово,1
марта,1
мартимьян,3
мартимьянович,3
мартимьяновна,3
мартин,2
мартина,2
мартиниан,4
мартиниана,4
мартинианович,4
мартиниановна,4
мартиника,2
мартинович,2
мартиновна,2
мартириевич,2
мартириевна,2
мартирий,2
мартирьевич,2
мартирьевна,2
мартын,2
мартынович,2
мартыновна,2
мартьян,2
мартьянович,2
мартьяновна,2
марфа,1
марфо,1
маршак,2
маршалл,1
маршалловы,2
мары,2
марьина,1
марьинка,1
марьино,1
марья,1
марьяна,2
маска,1
масленая,1
масленица,1
масличная,2
массандра,2
массачусетс,3
мастер,1
мастридия,2
матвеев,2
матвеевич,2
матвеевна,2
матвеевское,2
матвей,2
матерь,1
матильда,2
матисс,2
маточкин,1
матрона,2
матросская,2
мафусаил,4
мах,1
маха,1
махачкала,4
махно,2
маша,1
маши,1
мая,1
мегера,2
медведица,2
медведь,2
медвежьегорск,4
медельин,3
медея,2
медисон,1
медной,1
медный,1
медовый,2
медуза,2
межгосударственный,4
международная,4
международное,4
международный,4
междуреченск,3
междуречье,3
межконтинентальный,5
межпарламентская,3
межпарламентский,3
мезень,2
мейерхольд,3
мейсен,1
мекка,1
мекленбург,1
меконг,2
мексика,1
мексиканский,3
меланезия,3
мелания,2
меланья,2
мелентиевич,2
мелентиевна,2
мелентий,2
мелентьевич,2
мелентьевна,2
мелетиевич,2
мелетиевна,2
мелетий,2
мелетьевич,2
мелетьевна,2
мелитина,3
мелитополь,3
мельбурн,1
мельпомена,3
мемфис,1
менделеев,3
мендель,1
ментор,1
меншиков,1
меншикова,1
меньер,2
мериме,3
меркель,1
меркул,2
меркулович,2
меркуловна,2
меркуриевич,2
меркуриевна,2
меркурий,2
меркурия,2
меркурьевич,2
меркурьевна,2
меровинги,3
мерона,2
мерфи,1
месопотамия,4
мессалина,3
мессина,2
мессия,2
местоблюститель,4
метагалактика,4
метрополитен,3
метрострой,3
мефистофель,3
мефодиевич,2
мефодиевна,2
мефодий,2
мефодьевич,2
мефодьевна,2
мехико,1
меценат,3
мечислав,3
мечиславич,3
мечиславна,3
мечиславович,3
мечиславовна,3
мечников,1
мешхед,2
мещовск,2
ми,1
миасс,2
миг,1
мидия,1
микеланджело,3
микены,2
микки,1
миклухо,2
микронезия,3
милан,2
милана,2
миланович,2
милановна,2
милен,2
милена,2
миленович,2
миленовна,2
милет,2
милиевич,1
милиевна,1
милий,1
милица,2
милия,1
миллионная,3
милослава,3
милосская,2
милосский,2
милютина,3
мин,1
мина,1
минаевич,2
минаевна,2
минай,2
минеральные,3
минерва,2
минздрав,2
министерства,3
министерство,3
минич,1
минична,1
минлесхоз,3
минна,1
миннеаполис,3
миннесота,3
минобороны,4
минодора,3
минос,1
минотавр,3
минск,1
минтопэнерго,4
минусинск,3
минфин,2
миньона,2
минюст,2
мир,1
мира,1
мирадж,2
миргород,1
мирза,2
мирликийский,3
мирный,1
мировая,3
мировой,3
мирон,1|2
миронович,2
мироновна,2
миропия,2
мирослав,3
мирослава,3
мирославич,3
мирославна,3
мирославович,3
мирославовна,3
мирра,1
мисаил,3
мисаилович,3
мисаиловна,3
миссисипи,3
миссури,2
мисхор,2
митра,1
митродора,3
митрофан,3
митрофаниевич,3
митрофаниевна,3
митрофаний,3
митрофанович,3
митрофановна,3
митрофанушка,3
митрофаньевич,3
митрофаньевна,3
михаил,3
михаила,3
михайлина,3
михайлов,2
михайлович,2
михайловка,2
михайловна,2
михайловск,2
михайловский,2
михайловское,2
михалков,3
михеевич,2
михеевна,2
михей,2
мичиган,3
мичурин,2
мичуринск,2
миша,1
мишенька,1
мишутка,2
млада,1
младшего,1
младший,1
млечный,1
мнемозина,3
многострадальный,4
могадишо,3
могила,2
моголы,2
могучая,2
модест,2
модеста,2
модестович,2
модестовна,2
можайск,2
мозамбик,3
моздок,2
мозель,1
моика,2
моисеев,3
моисеевич,3
моисеевна,3
моисей,3
мойдодыр,3
мойка,1
мокеевич,2
мокеевна,2
мокей,2
мокиевич,1
мокиевна,1
мокий,1
молдавия,2
молодая,3
молодечно,3
молох,2
молчалин,2
мольер,2
мом,1
мона,1
монако,2
монблан,2
монголия,2
моника,1
монмартр,2
мономах,3
мономашичи,3
монпарнас,3
монреаль,3
монте,1
монтевидео,4
монтекки,2
монтень,2
монтескье,3
мончегорск,3
мончетундра,3
моны,1
моонзунд,3
моонзундский,3
моос,1
мопассан,3
морава,2
моравия,2
мордовия,2
море,1
морзе,1
мороз,2
мороза,2
морозко,2
морозов,2
морфей,2
моршанск,2
мосбизнесбанк,4
мосгорсправка,3
москва,2
московия,2
московская,2
московские,2
московский,1|2
московское,2
московской,2
моссовет,3
мост,1
мосты,2
мосфильм,2
мосэнерго,3
мото,1
мохаммед,2
моховая,3
моцарт,1
моэм,1
моя,2
мстислав,2
мстислава,2
мстиславич,2
мстиславна,2
мстиславович,2
мстиславовна,2
мудрый,1
мужества,1
мужичок,3
муза,1
музей,2
музфонд,2
муму,2
мурзилка,2
мурка,1
мурлыка,2
мурлыки,2
мурман,1
мурманск,1
муром,1
муромец,1
мусават,3
мусагет,3
мусин,1
муссолини,3
муха,1
мухаммед,2
мухи,1
мцхета,1
мцыри,1
мыс,1
мыса,1
мысе,1
мытищи,2
мыши,1
мьянма,1
мэриленд,1
мюллер,1
мюллера,1
мюнстер,1
мюнхаузен,2
мюнхен,1
мясницкая,2
набережные,1
набоков,2
наварра,2
наваррская,2
наваррский,2
наветренные,2
навигацкая,3
навруз,2
навье,2
нагасаки,3
нагорная,2
нагорный,2
нагоя,2
нада,1
надднепровье,3
надежда,2
надежды,2
надир,2
надсон,1
надтеречный,2
надым,2
назар,2
назарет,3
назариевич,2
назариевна,2
назарий,2
назарович,2
назаровна,2
назарьевич,2
назарьевна,2
назианзин,4
назрань,2
наина,2
найроби,2
найт,1
налоговый,2
нальчик,1
наманган,3
намибия,2
нана,1
нанкин,2
нансен,1
наполеон,4
наполеоновские,4
нарва,1
нарвская,1
наркис,2
наркисович,2
наркисовна,2
наркисса,2
наро,1
народная,2
народное,2
народный,2
нарцисс,2
нарым,2
нарын,2
нарышкины,2
нарьян,2
настасия,2
настасья,2
настя,1
наталия,2
наталья,2
натан,2
натанович,2
натановна,2
наум,2
наумович,2
наумовна,2
нафанаил,4
нахимов,2
нахимовское,2
нахичевань,4
находка,2
нации,1
наций,1
национальная,4
национальное,4
неаполь,2
неарктика,2
неарктическая,3
небес,2
небеса,3
небесная,2
небесное,2
небесный,2
небо,1
небраска,2
нева,2
невада,2
невель,1
невельск,1
невинномысск,4
невольничий,2
невольничья,2
невская,1
невский,1
невьянск,2
неглинка,2
неглинная,2
неделя,2
недреманное,3
нежин,1
независимых,3
незнайка,2
незнакомка,3
неизвестного,3
неизвестный,3
нейман,1
некрасов,2
нектарий,2
нелли,1
неман,1
немезида,3
неметчина,2
немирович,3
ненецкий,1
ненила,2
неогея,3
неонила,3
неопалимая,4
неотропическая,4
непал,2
непер,1
непобедимая,4
нептун,2
нереида,3
нерли,2
неронов,2
нерукотворный,4
нерчинск,1
нерчинская,1
нерчинские,1
нерюнгри,3
нескучный,2
несмеяна,3
нестер,1
нестеров,1
нестерович,1
нестеровна,1
нестор,1
несторович,1
несторовна,1
неувядаемый,4
неупиваемая,4
нефертити,3
нефтегорск,3
нефтекамск,3
нефтекумск,3
нефтеюганск,4
нефтяные,3
нечаев,2
нечаянная,2
нечерноземье,4
ниагара,3
ниагарский,3
нива,1
нигер,1
нигерия,2
нида,1
нидерландов,3
нидерланды,3
нижегородская,4
нижегородчина,4
нижневартовск,3
нижнедунайская,4
нижнее,1
нижнекамск,3
нижние,1
нижний,1
нижняя,1
ника,1
никандр,2
никандрович,2
никандровна,2
никанор,3
никанорович,3
никаноровна,3
никарагуа,3
нике,1
никита,2
никитин,2
никитич,2
никитична,2
никитские,2
никитский,2
никифор,2
никифорович,2
никифоровна,2
никодим,3
никодимович,3
никодимовна,3
никола,2
николаев,3
николаевич,3
николаевна,3
николай,3
николин,2
николина,2
никольск,2
никольский,2
никольское,2
никольщина,2
никон,1
никонович,1
никоновна,1
никополь,1
никэ,2
нил,1
нилович,1
ниловна,1
нимфа,1
нимфодора,3
нина,1
нинель,2
нисский,1
нифонт,1
нифонтович,1
нифонтовна,1
ницца,1
ницше,1
нобелевская,1
нобелевский,1
нобель,1
нобиле,1
новаторов,2
новая,1
новгород,1
новгородская,3
новгородский,3
новгородчина,3
новейшее,2
новелла,2
нововоронежская,4
новогодье,3
новогорск,3
новогрудок,3
новодевичий,3
новодевичье,3
новое,1
новозаветная,4
новозыбков,3
новокузнецк,4
новолетие,3
новолипецкий,3
новомосковск,4
новороссийск,4
новороссия,3
новосибирск,4
новоспасский,3
новотроицк,3
новочебоксарск,5
новочеркасск,4
новошахтинск,3
новые,1
новый,1
ногайская,2
ноев,1
ной,1
номоканон,4
нонна,1
норвегия,2
норильск,2
нормандия,2
нормандское,2
нос,1
носа,1
нострадамус,3
нотогея,3
ноттингем,1
ноэми,2
ноя,1
ноябрина,3
ноябрьск,2
нубия,1
нукус,2
нумидия,2
нунехия,2
нурек,2
нытва,1
ньюкасл,2
ньютон,1
ньюфаундленд,2
нюрнберг,1
нюрнбергский,2
обводный,2
обезьяна,3
обезьяны,3
облако,1
облитерация,4
обломов,2
обнинск,1
обручник,2
обский,1
общественное,2
общество,1
общий,1
овен,1
овидиев,2
овидий,2
овна,1
овод,1
огайо,2
огненная,1
одер,1
одесса,2
одесчина,2
одигитрия,3
один,1
одинцово,3
одиссея,3
одра,1
ожегов,1
ожеговский,1
озеро,1
озирис,2
окаянный,3
океания,3
оккам,1
оклахома,3
оксана,2
окско,1
оксфорд,1
октавия,2
октоих,2
октябрина,3
октябрьская,2
октябрьское,2
олдама,2
олегович,2
олеговна,2
олеся,2
оливия,2
олимпиада,4
олимпиевич,2
олимпиевна,2
олимпий,2
олимпийская,3
олимпийские,3
олимпийский,3
олимпиодора,5
олимпия,2
оломоуц,3
олонец,2
олонецкая,2
олонецкий,2
ольга,1
ольда,1
ольденбург,1
ольстер,1
ома,1
омейяды,3
онега,2
онегин,2
онежское,2
онисим,2
онисимович,2
онисимовна,2
онисифорович,4
онисифоровна,4
онтарио,2
онуфриевич,2
онуфриевна,2
онуфрий,2
опочка,2
оптина,1
оранжевая,2
оранта,2
организация,4
орден,1
ордынка,2
оренбургская,3
оренбургское,3
оренбуржье,3
орестович,2
орестовна,2
орехово,2
ориноко,3
орлеанская,3
орловщина,2
оружейная,3
оруэлл,1
орша,1
осака,1
освенцим,2
осетия,2
осип,1
осипович,1
осиповна,1
осирис,2
оскар,1
оскарович,2
оскаровна,2
осло,1
османская,2
османы,2
осмогласник,3
основополагающий,6
останкино,2
останкинская,2
остапович,2
остаповна,2
осташков,2
остенде,2
остоженка,2
остров,1
острожская,2
остромирович,3
остромировна,3
остромирово,3
отелло,2
отечества,2
отечественная,2
отечественной,2
отечество,2
откровение,3
отрадное,2
отрадный,2
отступник,2
оттава,2
оттоманская,3
отче,1
отчизна,2
оуэн,1
офелия,2
охотный,2
охотоморье,4
охотское,2
охрид,1
охта,1
очаков,2
очаково,2
павел,1
павелецкий,3
павла,1
павлин,2
павлина,2
павлинович,2
павлиновна,2
павлов,1
павлова,1
павлович,1
павловна,1
павлово,1
павловск,1
павловский,1
павлодар,3
паганини,3
пагуошское,1
падуя,1
падь,1
пажеский,1
паисиевич,2
паисиевна,2
паисий,2
паисия,2
паисьевич,2
паисьевна,2
пакистан,3
паланга,2
палатин,3
палеарктика,3
палеарктическая,4
палеотропическая,5
палермо,2
палестина,3
палестины,3
палех,1
палея,3
паллада,2
палладиевич,2
палладиевна,2
палладий,2
палладио,2
палладия,2
паллады,2
палладьевич,2
палладьевна,2
пальмира,2
памир,2
пампа,1
памфил,2
памфилиевич,2
памфилиевна,2
памфилий,2
памфилович,2
памфиловна,2
памфильевич,2
памфильевна,2
памяти,1
пан,1
панакея,3
панама,2
панамский,2
панафинеи,4
панацея,3
пандора,2
паневежис,3
панкрат,2
панкратиевич,2
панкратиевна,2
панкратий,2
панкратович,2
панкратовна,2
панкратьевич,2
панкратьевна,2
паннония,2
панса,1
пансы,1
пантелеевич,3
пантелеевна,3
пантелей,3
пантелеймон,4
пантелеймонович,4
пантелеймоновна,4
пантеон,3
пантократор,3
панфил,2
панфилов,2
панфилович,2
панфиловна,2
панчатантра,3
папа,1
папанин,2
папская,1
папуа,1
парагвай,3
парад,2
парадиз,3
парамон,3
парамонович,3
парамоновна,3
параолимпиада,6
параолимпийские,5
параскева,3
парголово,1
пардубице,1
париж,2
парижская,2
парижский,1
парижской,2
паркинсон,3
парковая,1
парламентская,2
парламентское,2
парма,1
пармен,2
парменович,2
парменовна,2
парнас,2
партизанск,3
парфениевич,2
парфениевна,2
парфений,2
парфенон,3
парфентиевич,2
парфентиевна,2
парфентий,2
парфентьевич,2
парфентьевна,2
парфеньевич,2
парфеньевна,2
парфия,1
парфянское,2
паскаль,2
пастер,2
пастернак,3
пасха,1
пасхальная,2
патагония,3
патерностер,3
патриарх,3
патриаршего,3
патриаршие,3
патриарший,3
патрикеевич,3
патрикеевна,3
патрикей,3
патрикиевич,2
патрикиевна,2
патрикий,2
патрикия,2
паутина,3
пафнутиевич,2
пафнутиевна,2
пафнутий,2
пафнутьевич,2
пафнутьевна,2
пахом,2
пахомиевич,2
пахомиевна,2
пахомий,2
пахомович,2
пахомовна,2
пахомьевич,2
пахомьевна,2
пашкова,2
пегас,2
пекин,2
пелагея,3
пелопоннес,4
пелопоннесская,4
пенджаб,2
пенелопа,3
пенза,1
пензенщина,1
пенсильвания,3
пенсионный,3
пентагон,3
первая,1
первое,1
первозванный,3
первомай,3
первомайск,3
первомайский,3
первомайское,3
первопрестольная,4
первоуральск,4
первоуральский,4
первый,1
пергамон,3
перегрина,3
переделкино,3
передняя,2
передонов,3
перекоп,3
перемышль,3
переславль,3
переяслав,3
переяславская,4
пермский,1
перов,2
перово,2
перпетуя,3
персеиды,3
персей,2
персефона,3
персидский,2
персия,1
перу,2
перун,2
перфилиевич,2
перфилиевна,2
перфилий,2
перфильевич,2
перфильевна,2
песах,1
пески,2
пестель,1
песчаная,2
петербург,3
петербурге,3
петергоф,3
пети,1
петлюра,2
петра,1|2
петрарка,2
петрашевский,3
петрина,2
петров,2
петрович,2
петровка,2
петровки,2
петровна,2
петровск,2
петровская,2
петровские,2
петровский,2
петровское,2
петроград,3
петроградская,3
петрозаводск,4
петронилла,3
петрония,2
петропавловск,3
петропавловская,3
петропавловский,3
петрополь,2
петрушка,2
петух,2
петуха,3
петушки,3
петушок,3
петька,1
петя,1
печали,2
печатники,2
печатный,2
печерск,2
печерский,2
печора,2
печорин,2
печорская,2
печорский,2
печоры,2
пешавар,3
пещное,2
пиама,2
пигмалион,4
пиза,1
пизанская,2
пикардия,3
пиквик,1
пиквика,1
пилад,2
пилат,2
пилата,2
пимен,1
пименович,1
пименовна,1
пинд,1
пинега,1
пинкертон,3
пинна,1
пиночет,3
пипин,2
пирей,2
пиренеи,3
пиренейский,3
пирке,2
пирр,1
пиррон,2
писание,2
питер,1
питирим,3
питиримович,3
питиримовна,3
питсбург,1
пифагор,3
пифийские,2
пифон,2
пицунда,2
плакида,2
плакилла,2
планк,1
плантагенеты,4
платон,2
платонида,3
платонов,2
платонович,2
платоновна,2
плача,1
плевен,1
плевна,1
плесецк,2
плеханов,2
плеяды,2
плиний,1
плов,1
плотин,2
плутон,2
плутос,1
плюшкин,1
пномпень,2
победоносец,4
победы,2
побужье,2
поварская,3
поверенный,2
повесть,1
поветлужье,3
поволжье,2
подветренные,2
подвинье,2
подесенье,3
подкаменная,2
подкумок,2
подмосковье,3
поднебесная,3
поднепровье,3
поднестровье,3
подол,2
подолия,2
подольск,2
подонье,2
подпольный,2
подпорожье,3
подунавье,3
познань,1
покатигорошек,5
поклонная,2
покров,2
покрова,3
покровка,2
покровские,2
покровский,2
поле,1
поленов,2
поленово,2
полесье,2
полигимния,3
полиевкт,3
полиевктович,3
полиевктовна,3
полиект,3
полиектович,3
полиектовна,3
поликарп,3
поликарпиевич,3
поликарпиевна,3
поликарпий,3
поликарпович,3
поликарповна,3
поликарпьевич,3
поликарпьевна,3
поликсена,3
поликсения,3
полина,2
полинезия,3
политехнический,4
полишинель,4
полкан,2
полномочный,3
полотняный,3
полоцк,1
полтава,2
полтавская,2
полтавский,2
полтавщина,2
полумесяца,3
польша,1
поля,1|2
поляна,2
полянка,2
поляны,2
полярная,2
полярный,2
поместный,2
помона,2
поморское,2
поморье,2
помпадур,3
помпеи,2
понт,1
понтий,1
понтийские,2
понтийское,2
поозерье,3
поочье,2
поплия,1
попов,2
попович,2
попрыгунья,3
поречье,2
порта,1
портленд,1
португалия,3
порфир,2
порфириевич,2
порфириевна,2
порфирий,2
порфирович,2
порфировна,2
порфирьевич,2
порфирьевна,2
посад,2
посада,2
посейдон,3
посемье,2
посол,2
посполитая,3
постоянный,3
пот,1
потап,2
потапиевич,2
потапиевна,2
потапий,2
потапович,2
потаповна,2
потапьевич,2
потапьевна,2
потебня,3
поти,1
потомак,2
потсдам,1
потсдамская,2
почаевская,2
починок,2
пошехонье,3
правда,1
правдина,2
правительства,2
правительство,2
правобережная,4
православный,3
прага,1
пражская,1
пражский,1
прасковья,2
предальпы,2
предание,2
предбайкалье,3
предбалканы,3
предвечный,2
предгималайский,4
предкавказье,3
предкарпатье,3
предпарламент,3
председатель,3
предтеча,2
предтеченский,2
предтечи,2
предуралье,3
предыртышье,3
президент,3
президента,3
президентский,3
прекрасная,2
прекрасный,2
премудрая,2
премудрый,2
премьер,2
преображение,4
преображенский,4
преполовение,4
пресвятая,3
пресвятой,3
пресня,1
пресс,1
престола,2
претория,2
пречистая,2
пречистенка,2
пречистенский,2
пречистый,2
пржевальский,2
приазовье,3
приамурье,3
приангарье,3
приап,2
приаралье,3
приатлантическая,4
прибайкалье,3
прибалтика,2
прибалхашье,3
приволжский,2
пригородный,1
придвинье,2
придесенье,3
приднепровье,3
приднестровье,3
придунавье,3
приильменье,2
прииртышье,3
прииссыккулье,4
приишимье,3
прикамье,2
прикарпатье,3
прикаспий,2
прикаспийская,3
прикубанье,3
примексиканская,4
приморск,2
приморский,2
приморье,2
принеманье,2
принстон,1
приобье,2
приокско,2
прионежский,3
прионежье,3
приохотье,3
припамирье,3
приполярный,3
приполярье,3
припять,1
присивашье,3
прискилла,2
приснодева,3
пристань,1
присутственные,2
притоболье,3
притяньшанье,3
приуралье,3
причерноморье,4
причудье,2
пришибеев,3
пришибеева,3
приэльбрусье,3
пров,1
прованс,2
провидение,3
прович,1
провна,1
прозерпина,3
прокл,1
проклович,1
прокловна,1
прокоп,2
прокопиевич,2
прокопиевна,2
прокопий,2
прокопович,2
прокоповна,2
прокопьевич,2
прокопьевна,2
прокопьевск,2
прокофиевич,2
прокофиевна,2
прокофий,2
прокофьев,2
прокофьевич,2
прокофьевна,2
проксима,1
пролеткульт,3
пролог,1
прометей,3
промысел,1
промысл,1
промыслитель,3
пропедигна,3
просвещение,3
просдоха,2
протас,2
протасиевич,2
протасиевна,2
протасий,2
протасович,2
протасовна,2
протасьевич,2
протасьевна,2
протей,2
проторенессанс,5
профессиональная,5
прохирон,3
прохладный,2
прохор,1
прохорович,1
прохоровна,1
прудон,2
пруды,2
пруссия,1
прутков,2
псалтырь,2
псевдо,1
психея,2
псково,1
псковская,1
псковский,1
псковщина,1
псы,1
птицелов,3
птолемеи,3
птолемей,3
пуассон,3
публичка,2
пудож,1
пулицеровская,1
пулково,1
пулковские,1
пулковский,1
пульхерия,2
пульхерья,2
пульчинелла,3
пуна,1
пунические,2
пурим,2
путеводительница,4
путивль,2
путиловский,2
путин,1
путь,1
пух,1
пуччини,2
пушка,2
пушкин,1
пушкина,1
пушкино,1
пушкиногорье,4
пушкинская,1
пушкинские,1
пушкинский,1
пушок,2
пуща,1
пущин,1
пущино,1
пуэрто,2
пхеньян,2
пьемонт,2
пьеро,2
пьета,2
пярну,1
пятая,1
пятигорск,3
пятидесятница,4
пятикнижие,3
пятница,1
пятницкая,1
пятницкий,1
пятницы,1
пятно,1|2
ра,1
рабат,2
рабле,2
рабочее,2
рабочий,2
равенна,2
равнины,2
рада,1
радана,2
радзивилловская,3
радзивиллы,3
радиевич,1
радиевна,1
радий,1
радим,2
радимович,2
радимовна,2
радислав,3
радислава,3
радиславич,3
радиславна,3
радиславович,3
радиславовна,3
радищев,2
радмила,2
радован,3
радованович,3
радовановна,3
радомила,3
радомир,1
радомира,3
радонеж,1
радонежский,1
радоница,1
радосвета,3
радослава,3
радость,1
радуги,1
радуница,1
разгуляй,3
разин,1
разина,1
разуваевы,3
раиса,2
рака,1
ракетные,2
рама,1
рамадан,3
рамазан,3
раменское,1
рангун,2
расея,2
расин,2
расинов,2
раскольников,2
распутин,2
распятие,2
растеряева,3
растиньяк,3
растрелли,2
ратибор,3
ратиборович,3
ратиборовна,3
ратмир,2
ратмирович,2
ратмировна,2
ратуша,1
рафаил,3
рафаила,3
рафаилович,3
рафаиловна,3
рафаэлев,3
рафаэль,3
рафаэля,3
рахиль,2
рахманинов,2
реввоенсовет,5
ревекка,2
ревмира,2
революции,3
регина,2
регистан,3
реза,2
резерфорд,1
рейкьявик,2
рейхстаг,2
реконкиста,3
реконструкция,3
религиозные,4
рем,1
рема,1
ремарк,2
рембрандт,1
ремович,1
ремовна,1
рената,2
ренессанс,3
рентген,2
ренуар,3
реомюр,3
репетилов,3
репин,1
рерих,1
республик,2
республика,2
республиканская,4
реставрация,3
реформация,3
речка,1
речь,1
реюньон,3
ривьера,2
рига,1
ригведа,2
рид,1
ридберг,1
рижский,1
рижское,1
ризоположенский,4
рим,1
риман,1
римини,1
римма,1
римская,1
римский,1
римско,1
рио,1
рипсимия,2
рисорджименто,4
рифей,2
рихтер,1
рица,1
ричард,1
ришелье,3
роберт,1
роберта,2
робертович,1
робертовна,1
робеспьер,3
робин,1
робинзон,3
ровенщина,1
ровно,1
рог,1
рогнеда,2
рогожская,2
рогожский,2
родари,2
родезия,2
роден,2
родина,1
родион,3
родионович,3
родионовна,3
родительская,2
родос,1
родосский,2
рождественский,2
рождество,3
роза,1
розалина,3
розалинда,3
розалия,2
розина,2
роксана,2
рокфеллер,2
роллан,2
роман,2
романа,2
романович,2
романовна,2
романовы,2
романовых,2
ромен,2
ромео,2
ромул,1
рона,1
рони,2
росвооружение,5
росинант,3
рославль,1
росси,1
россии,2
российская,1|2
российский,2
российских,2
российско,2
российское,2
российской,2
россини,2
россия,2
россошь,1
росстани,1
ростислав,3
ростислава,3
ростиславич,3
ростиславна,3
ростиславович,3
ростиславовна,3
ростов,2
ростово,2
ростовщина,2
росток,1
ростральные,2
ростсельмаш,3
росы,2
роттердам,3
роттердамский,3
ротшильд,1
роща,1
рощи,1
руанда,2
рубен,2
рубенович,2
рубеновна,2
рубенс,1
рубик,1
рубикон,3
рубинштейн,3
рубцов,2
рубцовск,2
рувим,2
рувимович,2
рувимовна,2
рудничный,2
рудный,1
рудня,1
рудольф,2
рудольфович,2
рудольфовна,2
руза,1
румыния,2
румянцев,2
румянцевский,2
рунет,2
русана,2
руси,2
руслан,2
руслана,2
русланович,2
руслановна,2
русса,1
русская,1
русские,1
русский,1
русско,1
русское,1
руссо,2
руста,1
руставели,3
рустави,2
русь,1
руфина,2
руфиниана,4
руфь,1
ручей,2
ручья,2
рыба,1
рыбачий,2
рыбинск,1
рыбы,1
рыцарь,1
рэлей,2
рэлея,2
рюкю,2
рюрик,1
рюрикович,1
рюриковичи,1
рюриковна,1
ряба,1
рябы,1
ряд,1
рязанский,2
рязанщина,2
рязань,2
саар,2
сабантуй,3
сабина,2
саваоф,3
савва,1
савватеевич,3
савватеевна,3
савватей,3
савватиевич,2
савватиевна,2
савватий,2
савватия,2
савватьевич,2
савватьевна,2
саввино,1
саввич,1
саввична,1
савелиевич,2
савелиевна,2
савелий,2
савелла,2
савельевич,2
савельевна,2
савериевич,2
савериевна,2
саверий,2
саверьевич,2
саверьевна,2
савин,2
савина,2
савиниан,4
савинианович,4
савиниановна,4
савинович,2
савиновна,2
савойские,2
савойя,2
савраска,2
саврасов,2
садко,2
садовая,2
садовое,2
сады,2
сайгон,2
сакердон,3
сакердонович,3
сакердоновна,3
саксония,2
салават,3
саламанка,3
салехард,3
саломея,3
салоники,2
салтам,2
салтамович,2
салтамовна,2
салтычиха,3
сальвадор,3
сальвия,1
сальери,2
сальские,1
саманиды,3
самара,2
самария,2
самарканд,3
самарщина,2
самгин,2
самнитские,2
самоа,3
самойла,2
самойлович,2
самойловна,2
самона,2
самотлор,3
самсон,2
самсониевич,2
самсониевна,2
самсоний,2
самсонович,2
самсоновна,2
самсоньевич,2
самсоньевна,2
самуил,3
самуилович,3
самуиловна,3
сан,1
санд,1
сандрильона,3
санта,1
сантьяго,2
санчо,1
сапфо,2
сарагоса,3
сараево,2
саранск,2
сарапул,2
саратов,2
саратовщина,2
сардиния,2
саров,2
саровский,2
сарра,1
сасанидская,3
сасаниды,3
сатана,3
сатира,2
сатирикон,4
сатурн,2
сауд,2
саудовская,2
сафо,2
саха,1|2
сахалин,3
сахара,2
сахаров,1
саяно,2
саяногорск,4
саяны,2
сбербанк,2
сберегательный,3
свазиленд,3
свердловск,2
свет,1
светислава,3
светлана,2
светлая,1
светлогорск,3
светлое,1
светлый,1
светозар,3
светозара,3
светозарович,3
светозаровна,3
свиньи,2
свинья,2
свирид,2
свиридович,2
свиридовна,2
свияга,2
свияжск,2
свободный,2
свободы,2
связьинвест,3
святая,2
святейшество,2
святейший,2
святителей,2
святки,1
свято,1
святого,2
святогор,3
святогорский,3
святогорье,3
святое,2
святой,2
святополк,3
святополкович,3
святополковна,3
святослав,3
святослава,3
святославич,3
святославна,3
святославович,3
святославовна,3
святые,2
святых,2
священная,2
священное,2
священный,2
себастьян,3
себастьянович,3
себастьяновна,3
себеж,1
севан,2
севастополь,3
севастьян,3
севастьяна,3
севастьянович,3
севастьяновна,3
север,1
севера,1
северин,3
северина,3
северинович,3
севериновна,3
северная,1
северное,1
северные,1
северный,1
северо,1
североатлантический,6
североатлантического,6
северобайкальск,5
северодвинск,4
северодонецк,5
североморск,4
североуральск,5
северский,1
северьян,3
северьянович,3
северьяновна,3
северянин,3
севилья,2
севморпуть,3
севр,1
седан,2
сезам,2
сезанн,2
сейшелы,2
сейшельские,2
секлетея,3
секлетинья,3
селевкиды,3
селена,2
селестина,3
селиван,3
селиванович,3
селивановна,3
селигер,3
селина,2
селифан,3
селифанович,3
селифановна,3
село,2
сельджукиды,3
семейный,2
семибоярщина,4
семик,2
семилетняя,3
семион,3
семионович,3
семионовна,3
семипалатинск,4
семирамида,4
семиречье,3
сен,1
сена,1
сенегал,3
сент,1
сенька,1
септуагинта,4
серапион,4
серапионович,4
серапионовна,4
серапионовы,4
серапис,2
серафим,3
серафима,3
серафимо,3
серафимович,3
серафимовна,3
серая,1
сербия,1
сербская,1
сергеев,2
сергеевич,2
сергеевна,2
сергей,2
сергиев,1
сергиево,1
сергий,1
сердобск,2
сердце,1
серебряные,2
серебряный,2
середокрестная,4
середокрестье,4
серко,2
серов,2
серпухов,1
серый,1
сестрорецк,3
сети,1
сетунь,1
сеул,2
сефевиды,3
сеченов,1
сечи,2
сечь,1
сиам,2
сибилла,2
сибирская,2
сибирские,2
сибирское,2
сибирь,2
сиваш,2
сивка,1
сивко,1
сивцев,1
сигизмунд,3
сигизмундов,3
сигизмундович,3
сидней,1
сидор,1
сидорович,1
сидоровна,1
сиена,2
сизиф,2
сикким,2
сикстинская,2
сила,1
силан,2
силанович,2
силановна,2
силантиевич,2
силантиевна,2
силантий,2
силантьевич,2
силантьевна,2
силах,1
силезия,2
силич,1
силовна,1
силуян,3
силуянович,3
силуяновна,3
сильва,1
сильван,2
сильвана,2
сильванович,2
сильвановна,2
сильвестр,2
сильвестра,2
сильвестрович,2
сильвестровна,2
сильвия,1
симбирск,2
символ,1
симеиз,3
симеон,3
симеонович,3
симеоновна,3
симиренко,3
симон,1|2
симона,2
симонов,1
симонович,1
симоновна,1
симплонский,2
симферополь,3
симфония,2
сина,1
синай,2
сингапур,3
синдбад,2
синклитикия,4
синод,2
синьцзян,2
синяя,1
сион,2
сира,1
сирано,3
сирийская,2
сирин,1
сириус,1
сирия,1
сити,1
сихотэ,3
сицилий,2
сицилия,2
сиэтл,2
скала,1
скалистые,2
скалозуб,3
скандинавия,3
скандинавские,3
скандинавский,3
скопле,1
скорбящих,2
скорина,2
скорпион,3
скотленд,1
скотт,1
скрябин,1
скупой,2
слава,1
славония,2
славы,1
славяно,2
славянск,2
сланцы,1
словакия,2
словения,2
слово,1
словущее,2
слоновой,2
служба,1
смарагд,2
смарагдович,2
смарагдовна,2
смелый,1
смена,1
смердяков,3
смерти,1
смирнов,2
смоленск,2
смоленская,2
смоленщина,2
смольный,1
смута,1
смутное,1
снадулия,2
снегурка,2
снегурочка,2
снеж,1
снежана,2
снежинск,1
снежная,1
снежногорск,3
снежное,1
собака,2
собакевич,3
собаки,2
собачья,2
собор,2
соборная,2
соборное,2
совдепия,2
совет,2
совета,2
советов,2
советск,2
советская,2
советский,2
советских,2
советского,2
советское,2
советы,2
совещание,3
совещания,3
совинформбюро,5
совместный,2
совмин,2
совнарком,3
сог,1
согласия,2
содом,2
содружества,2
содружество,2
создатель,2
созон,2
созонович,2
созоновна,2
созонт,2
созонтиевич,2
созонтиевна,2
созонтий,2
созонтович,2
созонтовна,2
созонтьевич,2
созонтьевна,2
сойер,1
сокол,1
соколиная,3
сокольники,2
сократ,2
сократович,2
сократовна,2
сола,1
солдат,2
солдата,2
солженицын,3
солигалич,3
солигорск,3
соликамск,3
соллогуб,3
солнечная,1
солнечногорск,4
солнечный,1
солнце,1
солнцево,1
солнышко,1
соловей,3
соловецкие,3
соловки,3
сологуб,3
соломон,3
соломонида,4
соломония,3
соломонович,3
соломоновна,3
соломоновы,3
солотча,2
солунские,2
солунский,2
солунь,2
сольвычегодск,4
сольцы,2
солянка,2
соляной,3
сомали,3
сомерсет,1
сомнер,1
сообщества,2
сообщество,2
сопротивление,4
сопротивления,4
сорбонна,2
сормово,1
сорос,1
соросовский,1
сорочинск,2
сорочинская,2
сорочинцы,2
сорренто,2
сортавала,3
сосипатр,3
сосипатра,3
сосипатрович,3
сосипатровна,3
сосновая,2
сосновоборск,4
сосновый,2
соссюр,2
сосьва,1
сотворение,3
софийская,2
софийский,2
софия,2
софокл,2
софоклов,2
софон,2
софониевич,2
софониевна,2
софоний,2
софонович,2
софоновна,2
софоньевич,2
софоньевна,2
софрон,2
софрониевич,2
софрониевна,2
софроний,2
софрония,2
софронович,2
софроновна,2
софроньевич,2
софроньевна,2
софья,1
социалистический,5
социалистических,5
социалистического,5
социнтерн,3
сочи,1
сошествие,2
союз,2
союза,2
союзное,2
спарта,1
спартак,2
спартакиада,4
спартакович,2
спартаковна,2
спас,1
спаситель,2
спасителя,2
спасо,1
спасов,1
спасово,1
спасск,1
спасская,1
спасские,1
спасский,1
спасское,1
спиноза,2
спиридон,3
спиридониевич,3
спиридониевна,3
спиридоний,3
спиридонович,3
спиридоновна,3
спиридоньевич,3
спиридоньевна,3
спитак,2
спокойствия,2
спорительница,2
спорное,1
споручница,2
спящая,1
средиземное,3
средиземноморский,5
средиземноморье,5
срединный,2
среднеамурская,4
среднеафганские,4
средневековье,4
среднегерманский,4
среднедунайская,4
среднее,1
среднерусская,3
среднесибирское,4
среднеуральск,4
среднешотландская,4
средние,1
средний,1
средняя,1
средокрестная,3
средокрестье,3
сретение,1
сретенка,1
сретенский,1
ставка,1
ставрогин,2
ставрополь,1
ставрополье,3
ставропольский,3
сталин,1
сталинград,3
сталинградская,3
стамбул,2
стан,1
станимир,3
станимирович,3
станимировна,3
станислав,3
станислава,3
станиславич,3
станиславна,3
станиславович,3
станиславовна,3
станиславский,3
становое,3
становой,3
старая,1
старица,1
старшего,1
старший,1
старые,1
старый,1
стаффорд,1
стаффордшир,1
стаханов,2
стахиевич,1
стахиевна,1
стахий,1
стелла,1
стена,2
стендаль,2
стенька,1
степан,2
степанакерт,4
степанида,3
степанович,2
степановна,2
степенная,2
стерлитамак,4
стефан,1|2
стефанида,3
стефания,2
стечкин,1
стикс,1
стирлинг,1
сто,1
стоглав,2
стоглавый,2
стожары,2
стокгольм,2
стокс,1
столбы,2
столетняя,2
столешников,2
столпник,1
столыпин,2
сторожевой,4
стороны,1
стоя,1
стоян,2
стояние,2
стоянович,2
стояновна,2
страдивари,3
страна,2
страны,1
страс,1
страстная,2
страстной,2
стратоник,2
стратоникович,2
стратониковна,2
стратфорд,1
страшный,1
стрелец,2
стрелецкий,2
стрибог,2
строганов,1
строгановское,1
строителей,2
строитель,2
струги,1
стэнли,1
стюарты,1
субантарктика,3
субарктика,2
суворов,2
суворовское,2
судак,2
судан,2
судебник,2
судеты,2
суздаль,1
суккот,1
сулавеси,3
суматра,2
сумгаит,3
сумы,1
суоми,2
суперкубок,3
сургут,2
суриков,1
суринам,3
сурож,1
сусанна,2
суффолк,1
сухарева,1
сухая,2
сухиничи,2
сухово,3
сухой,2
сухона,1
сухум,2
сухуми,2
суэц,2
суэцкий,2
сфинкс,1
сходня,1
сцилла,1
сциллой,1
сципион,3
сызрань,1
сын,1
сына,1
сырдарья,3
сырная,1
сыромятники,3
сысоевич,2
сысоевна,2
сысой,2
сычуань,3
сьерра,1
сэм,1
сэма,1
сюзанна,2
сянган,2
табель,1
тавда,2
тавифа,2
таврида,2
таврический,2
таврия,1
таганка,2
таганрог,3
таганская,2
тагил,2
таджикистан,4
таиланд,3
таисия,2
таисья,2
таити,2
тайбэй,2
тайвань,2
таймыр,2
таймырский,2
таймырское,2
тайн,1
тайная,1
тайницкая,2
тайны,1
таласская,2
талашкино,2
талды,2
талейран,3
талия,1
таллизд,2
таллин,1
талмуд,2
таманская,2
таманский,2
тамань,2
тамара,2
тамбов,2
тамбовщина,2
тамерлан,3
таможенный,2
тампере,1
танганьика,3
танзания,2
тантал,2
тарас,2
тарасия,2
тарасович,2
тарасовна,2
тарзан,2
тартар,1
тарту,1
тартюф,2
таруса,2
тарутино,2
тарханы,2
тасмания,2
татария,2
татарский,2
татарстан,3
татры,1
татьяна,2
татьянин,2
тауэр,1
тацит,1
ташкент,2
тбилиси,2
твен,1
твердислав,3
твердиславич,3
твердиславна,3
твердиславович,3
твердиславовна,3
тверская,2
тверской,2
творец,2
творимир,3
творимирович,3
творимировна,3
те,1
теберда,3
тебриз,2
тевтонский,2
тегеран,3
тегеранская,3
тезей,2
тейлор,1
теккерей,1
текстильщики,2
текуса,2
телави,2
телец,2
тельца,2
тельцом,2
темза,1
темиртау,3
теннесси,1
тер,1
тереза,2
терек,1
теремной,3
терентиевич,2
терентиевна,2
терентий,2
терентьевич,2
терентьевна,2
теренций,2
термидор,3
терминатор,3
тернополь,2
терпения,2
терпсихора,3
терско,1
терское,1
терскол,2
тертиевич,1
тертиевна,1
тертий,1
тесей,2
тесла,1
тетраевангелие,4
тетюши,2
техас,2
тибет,2
тивериадское,4
тигра,1
тигран,2
тигранович,2
тиграновна,2
тигриевич,1
тигриевна,1
тигрий,1
тигрия,1
тикси,1
тильзит,2
тильзитский,2
тимирязев,3
тимофеевич,3
тимофеевна,3
тимофей,3
тимур,2
тимуриды,3
тимурович,2
тимуровна,2
типикон,3
тирана,2
тирасполь,2
тироль,2
тирренское,2
тирсо,1
тиса,1
тисса,1
тит,1
тито,1
титов,2
титович,1
титовна,1
тифлис,2
тифон,2
тихвин,1
тихвинская,1
тихий,1
тихомира,3
тихон,1
тихонов,1
тихонович,1
тихоновна,1
тихоокеанский,5
тихоокеанско,5
тихорецк,3
тихослава,3
тициан,3
тишайший,2
тишина,3
тмутараканский,4
тмутараканское,4
тмутаракань,4
тобол,2
тоболо,2
тобольск,2
товстоногов,3
того,1
токио,1
толгский,1
толедо,2
толстой,2
тольятти,2
том,1
тома,1
томас,1
томила,2
томсон,1
томсона,1
тонга,1
топтыгин,2
топтыжка,2
тор,1
тора,1
торговая,2
торгово,2
торговые,2
торжок,2
торонто,2
торопец,3
торпедо,2
торунь,1
тоскана,2
тосно,1
тотьма,1
транквиллина,3
трансантарктические,4
трансаэро,2
трансильвания,3
транссиб,2
транссибирская,3
трафальгарское,3
траяновы,2
третий,1
третья,1
третьяковка,3
третьяковская,3
треченто,2
тригорское,2
тридцатилетняя,4
триест,2
тринидад,3
триодь,2
триполи,1
триполитания,4
триполье,2
трисвятое,3
тристан,2
тристанович,2
тристановна,2
тритон,2
триумфальная,3
трифена,2
трифилиевич,2
трифилиевна,2
трифилий,2
трифильевич,2
трифильевна,2
трифон,1
трифонов,1
трифонович,1
трифоновна,1
троеручица,3
троица,1
троице,1
троицк,1
троицкая,1
троицкий,1
троицын,1
тройственное,1
тройственный,1
тронхейм,1
трофим,2
трофима,2
трофимович,2
трофимовна,2
троцкий,1
троя,1
троянская,2
трубецкой,3
трубная,1
труда,2
ту,1
туапсе,3
тува,2
тула,1
тулон,2
тулуза,2
тульчин,2
тульщина,1
тунгуска,2
тунис,2
туполев,1
тура,2
туранская,2
тургай,2
тургайская,2
тургайское,2
тургенев,2
туретчина,2
турин,2
туринск,2
туринская,2
туркестан,3
туркестано,3
туркестанский,3
туркманчайский,3
туркменистан,4
туркмения,2
турксиб,2
турку,1
туруханск,3
туруханский,3
турция,1
тутанхамон,4
тушино,1
тушинский,1
тында,1
тюбинген,1
тюдоры,2
тюильри,3
тюменский,2
тюменщина,2
тюмень,2
тюрингенский,2
тюрингия,2
тютчев,1
тянитолкай,4
тяньаньмэнь,3
тяньцзинь,2
уарович,2
уаровна,2
увалы,2
уваров,2
уварович,2
уваровна,2
уганда,2
углич,1
угодник,2
уголовно,3
уголовный,3
угорская,2
удмуртия,2
удомля,2
уединения,4
ужгород,1
уимблдонский,3
украина,3
украинское,3
улита,2
ульяна,2
ульянов,2
ульянович,2
ульяновна,2
ульяновск,2
умань,1
умбрия,1
умиление,3
ундина,2
унтер,1
уотергейт,2
упанишады,4
упсала,1
урало,2
уральский,2
уральское,2
урания,2
урарту,2
урбана,2
урсула,2
урюпинск,2
усекновение,4
усолье,2
успение,2
успенская,2
успенский,2
успеньев,2
устина,2
устиния,2
устинович,2
устиновна,2
устинья,2
устье,1
устьинский,1
устюг,1
устюжна,2
утопия,2
утренняя,1
учредительное,3
фаберже,3
фабиан,3
фабиана,3
фабианович,3
фабиановна,3
фавн,1
фавор,2
фавста,1
фавстина,2
фаддеевич,2
фаддеевна,2
фаддей,2
фадеевич,2
фадеевна,2
фадей,2
фадлан,2
фаина,2
фалалеевич,3
фалалеевна,3
фалалей,3
фальконе,3
фальстаф,2
фамусов,1
фанагория,3
фантина,2
фантомас,3
фарадей,3
фаренгейт,3
фарерские,2
фареры,2
фатьян,2
фатьянович,2
фатьяновна,2
фауст,1
фаэтон,3
феб,1
февраль,2
февральская,2
феврония,2
февронья,2
федеральная,3
федеральное,3
федеративная,4
федерации,3
федерация,3
федоза,2
федора,2
федос,2
федосеев,3
федосеевич,3
федосеевна,3
федосей,3
федосиевич,2
федосиевна,2
федосий,2
федосия,2
федоскино,2
федосович,2
федосовна,2
федосьевич,2
федосьевна,2
федосья,2
федот,2
федотиевич,2
федотиевна,2
федотий,2
федотия,2
федотович,2
федотовна,2
федотьевич,2
федотьевна,2
федотья,2
федул,2
федула,2
федулович,2
федуловна,2
фей,1
фейербах,1
фейнман,1
фейхтвангер,2
фекуса,2
феликс,1
феликса,2
феликсович,1
феликсовна,1
фелица,2
фелицата,3
фелиция,2
феллини,2
фемида,2
фемистокл,3
фемистоклович,3
фемистокловна,3
феникс,1
феогния,2
феогност,3
феогностович,3
феогностовна,3
феодора,3
феодосий,3
феодосия,3
феодота,3
феодотия,3
феодула,3
феодулия,3
феозва,2
феоктист,3
феоктиста,3
феоктистович,3
феоктистовна,3
феона,2
феонилла,3
феония,2
феопемпт,3
феопемптович,3
феопемптовна,3
феопистия,3
феосевия,3
феофан,3
феофания,3
феофанович,3
феофановна,3
феофил,3
феофила,3
феофилакт,4
феофилактович,4
феофилактовна,4
феофилович,3
феофиловна,3
ферапонт,3
ферапонтович,3
ферапонтовна,3
фервуфа,2
фергана,3
ферганская,2
ферма,2
ферми,1
феррара,2
фессалоника,4
фессалоникия,4
фетиния,2
фетинья,2
фея,1
фива,1
фивея,2
фивы,1
фигаро,1
фиджи,1
филадельфия,3
филарет,3
филарета,3
филаретович,3
филаретовна,3
филат,2
филатович,2
филатовна,2
фили,2
филимон,3
филимонович,3
филимоновна,3
филипиевич,2
филипиевна,2
филипий,2
филипп,2
филиппа,2
филиппины,3
филиппия,2
филиппов,2
филиппович,2
филипповки,2
филипповна,2
филипьевич,2
филипьевна,2
филомела,3
филомена,3
филонилла,3
филофеевич,3
филофеевна,3
филофей,3
филофея,3
финикия,3
финист,2
финляндия,2
финляндский,2
фирс,1
фирсович,1
фирсовна,1
фиста,1
фихте,1
флавия,1
фландрия,1
флегонт,2
флегонтович,2
флегонтовна,2
флобер,2
флора,1
флорентиевич,2
флорентиевна,2
флорентий,2
флорентин,3
флорентина,3
флорентинович,3
флорентиновна,3
флорентьевич,2
флорентьевна,2
флоренция,2
флориан,3
флориана,3
флорианович,3
флориановна,3
флорида,1|2
фока,1
фокич,1
фокична,1
фолклендские,2
фолкленды,2
фолкнер,1
фома,2
фомаида,3
фомина,3
фоминична,2
фомич,2
фонвизин,2
фонд,1
фонтан,2
фонтанка,2
фонтанный,2
форос,2
фортуна,2
фортунат,3
фортуната,3
фортунатович,3
фортунатовна,3
фотиевич,1
фотиевна,1
фотий,1
фотина,2
фотиния,2
фотинья,2
фотьевич,1
фотьевна,1
фотьян,2
фрайбург,1
фракия,1
фран,1
франк,1
франко,1|2
франкфурт,1
франс,1
франца,1
франциск,2
франциска,2
франция,1
французское,2
франческа,2
фраунгофер,3
фребель,1
фрейбург,1
френель,2
френеля,2
фрибур,2
фригия,1
фрида,1
фридерика,3
фридрих,1
фридрихович,1
фридриховна,1
фриц,1
фрол,1
фролович,1
фроловна,1
фронда,1
фрунзе,1
фуко,2
фурье,2
хааза,1
хабаровск,2
хабаровский,2
хаббл,1
хабеас,1
хаврония,2
хазарский,2
хайдарабад,4
хакасия,2
халхин,2
хам,1
хамовники,2
ханаан,3
ханой,2
ханты,1
ханука,2
харбин,2
харибда,2
харибдой,2
хариесса,3
хариса,2
харита,2
харитина,3
харитон,3
харитониевич,3
харитониевна,3
харитоний,3
харитонович,3
харитоновна,3
харитоньевич,3
харитоньевна,3
харлам,2
харламович,2
харламовна,2
харламп,2
харлампиевич,2
харлампиевна,2
харлампий,2
харлампович,2
харламповна,2
харлампьевич,2
харлампьевна,2
харон,2
хартум,2
харьков,1
харьковщина,1
хатанга,1
хатынь,2
хашимитский,3
хашимитское,3
хашимиты,3
хвалынск,2
хейердал,3
хеллоуин,1
хельсинки,1
хельсинкские,1
хемингуэй,4
хеопс,2
херсон,2
херувимская,3
хибины,2
хива,2
хивинское,2
химера,2
химки,1
хинган,2
хиндустан,3
хиония,2
хиросима,3
хитров,1
хлебников,1
хлебный,1
хлестаков,3
хлои,1
хлоя,1
хованский,2
ходжент,2
ходынка,2
ходынское,2
хозяйка,2
хоккайдо,2
холмогоры,3
холмс,1
холмы,2
холодная,2
холуй,1
хорасан,3
хорватия,2
хорезм,2
хорог,2
хотин,2
хотьково,2
хохлома,3
хошимин,3
храбрый,1
хриса,1
хрисанф,2
хрисанфович,2
хрисанфовна,2
хрисия,1
христа,2
христиана,3
христина,2
христов,2
христово,2
христом,2
христос,2
христофор,3
христофорович,3
христофоровна,3
хронос,1
хуанхэ,3
художественный,2
хусейниды,3
хьюстон,1
хэйлунцзян,3
царевич,2
царевна,2
царей,2
царица,2
царицын,2
царицыно,2
царские,1
царское,1
царскосельский,3
царствие,1
царство,1
царь,1
царьград,2
цвейг,1
цвета,1
цветаев,2
цветаева,2
цветана,2
цветной,2
цвин,1
цезарь,1
цейлон,2
целестина,3
цельсий,1
цемесская,2
центавр,2
центавра,2
центр,1
центральная,2
центрально,2
центральное,2
центральный,2
центризбирком,4
центробанк,3
цербер,1
церера,2
церкви,1
церковь,1
цефей,2
цех,1
цецилия,2
цзэдун,2
цимла,2
цимлянск,2
цимлянское,2
циммервальд,1
циолковский,3
цирцея,2
цитера,2
цицерон,3
цицеронов,3
цусима,2
цусимское,2
цхалтубо,2
цхинвал,2
цхинвали,2
цюрих,1
чаадаев,3
чайковский,2
чайковского,2
чайльд,1
чайна,1
чанчунь,2
чапаев,2
чапаево,2
чапаевск,2
чаплин,1
чарли,1
часов,1
чебоксары,3
чебурашка,3
чегем,2
чегет,2
чека,2
челны,2
человек,3
человеческий,3
челюскин,2
челябинск,2
червонная,2
чердынь,2
черемхово,3
черенков,3
череповец,4
черкассы,2
черкасчина,2
черкесск,2
чернигов,2
черниговщина,2
чернобыль,2
чернобыльская,2
черновцы,3
черногория,3
черноземье,3
черномор,3
черноморский,3
черноморье,3
черняховск,3
чертомлыкский,3
черусти,2
чесменский,1
четвероевангелие,5
четыредесятница,5
четьи,1
чехия,1
чехов,1
чехословакия,4
чечня,2
чешский,1
чжэцзян,2
чижевский,2
чикаго,2
чили,1
чимкент,2
чингисиды,3
чингисхан,3
чинквеченто,3
чиполлино,3
чирчик,2
чистополь,1
чистопрудный,3
чистые,1
чистый,1
чита,2
чичиков,1
чосер,1
чрезвычайка,3
чрезвычайная,3
чрезвычайный,3
чувашия,2
чудо,1
чудов,1
чудово,1
чудотворец,3
чудское,2
чуйская,1
чукотка,2
чукотский,2
чулым,2
чуня,1
чусовая,3
чусовой,3
чухлома,3
чуя,1
шаббат,1
шагал,2
шадринск,1
шакья,1
шалтай,2
шалтая,2
шаляпин,2
шамбала,1
шамиль,2
шампань,2
шанхай,2
шанхайская,2
шапочка,1
шар,1
шара,1
шарик,1
шариков,1
шарко,2
шарлотта,2
шатобриан,4
шатура,2
шахерезада,4
шахразада,3
шахты,1
швейцария,2
швейцарская,2
швейцарские,2
швеция,1
шевкет,2
шевченко,2
шейка,1
шексна,2
шекспир,2
шекспиров,2
шеллинг,1
шемаха,3
шенген,2
шенгенская,2
шенгенской,2
шеннон,1
шереметев,3
шереметьево,3
шерлок,1
шестикнижие,3
шестопсалмие,3
шива,1
шилка,1
шиллер,1
шиллеров,1
шипка,1
широкая,2
шишкин,1
шишков,2
шлезвиг,1
шлиссельбург,3
шмидт,1
шмидта,1
шолом,2
шолохов,1
шопен,2
шопенгауэр,3
шория,1
шостакович,3
шостка,1
шота,2
шотландия,2
шпицберген,2
шропшир,1
штарк,1
штаты,1
штейнер,1
штольц,1
штраус,1
штутгарт,1
шуберт,1
шукшин,2
шуман,1
шуша,2
шушаника,2
шуя,1
шэньян,2
шяуляй,3
щедрин,2
щелкунчик,2
щепкин,1
щецин,1
щигры,2
щукин,1
щучье,1
эвелина,3
эвенкийский,3
эвксинский,2
эвксинского,2
эвридика,3
эвтерпа,2
эгейское,2
эгина,2
эдда,1
эддингтон,1
эдинбург,1
эдита,2
эдуардович,3
эдуардовна,3
эзопов,2
эйлер,1
эйнштейна,2
эйфелева,1
экваториальная,5
электра,2
элеонора,4
элисса,2
элиста,2
элла,1
эллада,2
эллина,2
эллочка,1
элоиза,3
эльба,1
эльвира,2
эльдорадо,3
эльза,1
эльмира,2
эмба,1
эмилиана,4
эмилиевич,2
эмилиевна,2
эмилий,2
эмилия,2
эмильевич,2
эмильевна,2
эмираты,3
эмма,1
эммануилович,4
эммануиловна,4
энгельс,1
эннафа,2
эос,1
эпанагога,4
эпирский,2
эра,1
эразмович,2
эразмовна,2
эрастович,2
эрастовна,2
эрато,2
эритрея,3
эрна,1
эрнеста,2
эрнестина,3
эрнестович,2
эрнестовна,2
эрнстович,1
эрнстовна,1
эрос,1
эрфурт,1
эсмеральда,3
эссекс,1
эссен,1
эстония,2
эсхилов,2
эфесская,2
эфиопия,3
эхо,1
ювеналиевич,3
ювеналиевна,3
ювеналий,3
ювеналов,3
ювенальевич,3
ювенальевна,3
юга,1
юго,1
югорский,2
югославия,3
южная,1
южно,1
южное,1
южные,1
южный,1
юкон,1
юлиана,3
юлиания,3
юлианович,3
юлиановна,3
юлиевич,1
юлиевна,1
юлий,1
юлия,1
юльевич,1
юльевна,1
юния,1
юнона,2
юпитер,2
юрий,1
юрия,1
юрмала,1
юрьев,1
юрьевец,1
юрьевич,1
юрьевна,1
юстина,2
юстинович,2
юстиновна,2
юта,1
ютландия,2
юхнов,1
яблочный,1
ява,1
ягеллоны,3
ядвига,2
языков,2
яик,1
яицкий,1
яка,1
якимович,2
якимовна,2
якоб,1
якоба,1
якоби,2
яков,1
яковлев,1
яковлевич,1
яковлевна,1
якубович,2
якубовна,2
якутия,2
ялта,1
ялтинская,1
ямайка,2
ямало,2
ямбург,1
ямское,2
яна,1
янина,2
янович,1
яновна,1
янтарная,2
януариевич,3
януариевна,3
януарий,3
януарьевич,3
януарьевна,3
янус,1
япония,2
японское,2
яра,1
ярило,2
ярое,1
ярополкович,3
ярополковна,3
ярослава,3
ярославич,3
ярославна,3
ярославович,3
ярославовна,3
ярославово,3
ясная,1
ясного,1
ясный,1
яссы,1
яуза,1
яхве,1
яхрома,1
